Time,ID,Instance,Feasible,Compare,MyCost,OptCost,MyMarketNum,OptMarketNum,Duration,RefDuration,PhysMem,VirtMem,RandSeed,Config,Generation,Iteration,Solution
2019-04-18_20:39:42,0,Instance/CapEuclideo.50.50.1.1.tpp,1,0,46794,46794,50,50,57.612,1,416.6MB,511.5MB,1555591198,alg=0;job=1,0,1,0 42 4 3 34 18 27 37 36 35 17 11 46 30 47 12 24 9 21 33 39 1 38 8 2 41 44 19 48 28 26 32 14 16 5 25 6 43 20 7 10 29 45 49 23 22 31 40 15 13 0 
2019-04-18_20:39:44,0,Instance/CapEuclideo.50.50.1.3.tpp,1,0,42861,42861,50,50,140.426,2,447.3MB,577.9MB,1555593201,alg=0;job=1,0,1,0 24 13 43 31 28 45 41 18 4 42 37 33 5 11 14 12 1 39 21 7 46 30 16 29 49 38 9 17 27 34 2 44 15 36 48 23 47 10 22 35 8 25 32 6 26 40 20 19 3 0 
2019-04-18_20:39:45,0,Instance/CapEuclideo.50.50.1.4.tpp,1,0,42920,42920,50,50,147.979,2,447.3MB,577.9MB,1555594203,alg=0;job=1,0,1,0 44 18 9 48 24 8 35 37 47 10 49 32 16 23 39 21 3 29 13 11 45 26 19 46 14 7 34 41 42 25 36 15 28 31 27 33 6 30 12 5 38 2 22 17 1 43 40 20 4 0 
2019-04-18_20:40:40,0,Instance/CapEuclideo.50.50.1.5.tpp,1,0,40562,40562,47,47,102.793,3,447.3MB,577.9MB,1555595205,alg=0;job=1,0,1,0 49 2 39 27 11 47 15 6 26 45 16 44 30 25 35 38 7 8 14 42 48 17 10 22 36 1 40 9 29 43 32 46 24 34 33 12 28 21 20 23 4 13 41 18 37 31 0 
2019-04-18_20:39:43,0,Instance/CapEuclideo.50.50.1.2.tpp,1,0,48120,48120,50,50,176.35,2,447.3MB,577.9MB,1555592199,alg=0;job=1,0,1,0 28 26 31 5 48 34 30 9 49 32 24 1 23 22 7 13 12 35 3 29 47 44 20 16 33 39 36 17 4 19 27 6 40 21 10 15 46 43 42 14 2 37 45 38 8 18 11 41 25 0 
2019-04-18_20:42:05,0,Instance/CapEuclideo.50.50.5.1.tpp,1,0,17980,17980,46,46,84.54,2,447.3MB,577.9MB,1555596207,alg=0;job=1,0,1,0 13 15 40 31 22 23 49 45 29 10 7 20 43 6 25 5 16 14 32 26 48 44 41 2 38 8 33 39 24 9 21 12 47 30 46 11 17 35 36 37 27 18 34 4 42 0 
2019-04-18_20:43:29,0,Instance/CapEuclideo.50.50.5.5.tpp,1,0,15844,15844,45,45,94.274,2,540.5MB,747.6MB,1555600215,alg=0;job=1,0,1,0 49 2 39 27 11 47 15 6 26 45 16 44 30 25 35 38 7 8 14 42 48 17 10 22 36 1 40 9 29 43 32 46 24 34 33 12 28 21 20 4 23 37 18 31 0 
2019-04-18_20:42:13,0,Instance/CapEuclideo.50.50.5.2.tpp,1,0,18449,18449,48,48,272.366,3,555.1MB,750.6MB,1555597209,alg=0;job=1,0,1,0 25 41 11 18 8 38 45 37 2 14 42 43 46 15 10 21 40 6 27 19 4 17 36 39 33 16 20 44 47 29 35 12 7 22 23 1 24 32 49 9 30 34 48 5 31 26 28 0 
2019-04-18_20:42:23,0,Instance/CapEuclideo.50.50.5.3.tpp,1,0,16653,16653,46,46,563.354,3,555.1MB,778.9MB,1555598211,alg=0;job=1,0,1,0 24 13 45 28 31 18 4 42 37 33 5 11 14 12 1 39 21 7 46 30 16 29 49 38 9 17 27 34 2 44 15 36 48 10 22 35 8 25 32 6 26 40 20 19 3 0 
2019-04-18_20:42:40,0,Instance/CapEuclideo.50.50.5.4.tpp,1,0,16196,16196,46,46,606.14,4,555.1MB,778.9MB,1555599213,alg=0;job=1,0,1,0 44 18 9 48 24 8 35 37 47 10 32 16 23 39 21 3 29 13 11 45 26 46 14 7 34 42 41 31 28 15 36 33 6 30 12 5 38 2 22 17 1 43 40 20 4 0 
2019-04-18_20:45:04,0,Instance/CapEuclideo.50.50.7.1.tpp,1,0,9013,9013,40,40,609.184,5,555.1MB,778.9MB,1555601217,alg=0;job=1,0,1,0 13 40 31 22 45 29 10 7 20 43 6 25 5 16 14 32 26 48 44 41 2 38 8 33 24 12 47 30 46 11 17 35 36 37 27 18 34 4 42 0 
2019-04-18_20:46:46,0,Instance/CapEuclideo.50.50.7.2.tpp,0,-0.00105441,9474,9484,46,44,610.418,12,555.1MB,778.9MB,1555602219,alg=0;job=1,0,1,0 28 26 31 5 48 34 30 9 49 24 1 23 22 7 13 12 35 3 29 47 44 16 33 39 36 17 4 19 27 6 40 21 10 15 46 43 42 14 2 45 37 41 25 11 18 0 
2019-04-18_20:51:46,0,Instance/CapEuclideo.50.50.7.3.tpp,1,0,8752,8752,42,42,355.034,7,555.1MB,778.9MB,1555603221,alg=0;job=1,0,1,0 8 35 43 13 45 28 31 18 4 42 37 33 5 11 14 12 1 39 7 21 16 30 9 38 29 49 36 15 44 48 23 47 10 22 25 32 6 26 40 20 3 0 
2019-04-18_20:52:46,0,Instance/CapEuclideo.50.50.7.4.tpp,0,-0.00115808,8625,8635,38,39,610.442,14,555.1MB,778.9MB,1555604223,alg=0;job=1,0,1,0 4 40 1 43 20 12 30 6 33 36 15 28 31 41 42 7 46 19 26 45 11 13 29 3 21 39 23 16 47 37 35 8 24 48 9 18 44 0 
2019-04-18_20:55:13,0,Instance/CapEuclideo.50.50.7.5.tpp,1,0,8620,8620,38,38,606.233,15,555.1MB,778.9MB,1555605225,alg=0;job=1,0,1,0 31 37 23 4 20 21 28 33 34 3 46 32 43 29 9 40 1 36 48 42 14 8 7 38 13 35 25 30 44 6 15 47 11 27 39 2 49 0 
2019-04-18_20:56:56,0,Instance/CapEuclideo.50.50.8.1.tpp,0,-0.0120884,6211,6287,32,35,611.437,25,555.1MB,778.9MB,1555606227,alg=0;job=1,0,1,0 42 4 34 3 21 9 24 12 33 8 38 2 41 44 19 26 5 16 25 6 43 20 10 29 45 49 23 22 31 40 13 0 
2019-04-18_20:57:41,0,Instance/CapEuclideo.50.50.8.2.tpp,1,0.00319591,6278,6258,37,36,605.152,27,555.1MB,778.9MB,1555607229,alg=0;job=1,0,1,0 28 31 34 30 9 49 24 1 23 22 7 12 35 3 29 47 44 16 33 17 4 27 6 21 40 43 46 15 42 14 2 37 41 25 11 18 0 
2019-04-18_21:02:57,0,Instance/CapEuclideo.50.50.8.3.tpp,0,-0.0191584,5734,5846,31,31,616.992,14,656.8MB,952.1MB,1555608231,alg=0;job=1,0,1,0 3 20 40 32 47 23 48 44 15 36 49 38 9 30 16 21 7 39 1 14 11 5 33 37 42 31 28 45 43 13 0 
2019-04-18_21:05:19,0,Instance/CapEuclideo.50.50.8.4.tpp,0,-0.00358873,5553,5573,33,29,604.13,6,656.8MB,952.1MB,1555609233,alg=0;job=1,0,1,0 44 18 9 48 24 35 37 47 39 21 3 29 13 11 45 26 19 46 7 41 31 28 15 36 33 6 30 12 1 43 40 4 0 
2019-04-18_21:07:08,0,Instance/CapEuclideo.50.50.8.5.tpp,1,0.00223099,5840,5827,31,32,610.992,15,656.8MB,952.1MB,1555610234,alg=0;job=1,0,1,0 49 2 39 27 11 47 15 6 44 30 25 35 38 13 40 1 9 29 43 32 46 3 4 23 33 28 21 20 37 31 0 
2019-04-18_21:07:47,0,Instance/CapEuclideo.50.50.9.1.tpp,0,-0.0216438,3571,3650,22,24,605.218,102,656.8MB,952.1MB,1555611236,alg=0;job=1,0,1,0 27 18 12 24 9 21 3 34 4 14 16 5 25 6 43 20 10 29 22 31 42 0 
2019-04-18_21:13:14,0,Instance/CapEuclideo.50.50.9.2.tpp,0,-0.0396221,3660,3811,28,25,633.835,76,872.6MB,1.207GB,1555612238,alg=0;job=1,0,1,0 31 34 48 3 35 12 7 22 23 1 24 49 9 30 18 11 25 41 37 2 14 42 15 46 10 26 28 0 
2019-04-18_21:15:23,0,Instance/CapEuclideo.50.50.9.3.tpp,0,-0.0227144,3442,3522,23,22,609.793,22,872.6MB,1.207GB,1555613240,alg=0;job=1,0,1,0 3 40 32 47 23 48 44 15 36 49 38 9 30 16 21 7 12 14 11 5 33 43 0 
2019-04-18_21:17:19,0,Instance/CapEuclideo.50.50.9.4.tpp,0,0.0186242,3391,3329,23,21,606.664,13,872.6MB,1.207GB,1555614242,alg=0;job=1,0,1,0 4 40 43 1 12 30 6 33 36 15 28 31 2 29 21 37 35 24 48 9 18 44 0 
2019-04-18_21:25:33,0,Instance/CapEuclideo.50.50.95.2.tpp,0,-0.039818,1688,1758,16,17,146.629,2,872.6MB,1.207GB,1555617248,alg=0;job=1,0,1,0 28 26 10 21 40 46 15 42 14 2 37 41 25 11 18 0 
2019-04-18_21:17:52,0,Instance/CapEuclideo.50.50.9.5.tpp,0,-0.00395145,3529,3543,17,18,607.985,39,872.6MB,1.207GB,1555615244,alg=0;job=1,0,1,0 31 20 21 28 33 34 3 46 32 43 29 9 40 4 23 37 0 
2019-04-18_21:23:48,0,Instance/CapEuclideo.50.50.95.1.tpp,0,-0.0352807,2543,2636,16,18,615.187,18,876.6MB,1.207GB,1555616246,alg=0;job=1,0,1,0 42 10 7 20 43 6 25 5 16 32 21 9 24 12 27 0 
2019-04-18_21:27:25,0,Instance/CapEuclideo.50.50.95.3.tpp,0,-0.0430962,2287,2390,16,14,606.491,12,887.1MB,1.207GB,1555618250,alg=0;job=1,0,1,0 24 45 28 31 42 37 33 5 14 12 16 30 29 35 8 0 
2019-04-18_21:28:00,0,Instance/CapEuclideo.50.50.95.4.tpp,0,-0.171018,2191,2643,11,16,613.771,14,887.1MB,1.207GB,1555619252,alg=0;job=1,0,1,0 22 17 40 43 1 5 6 30 20 4 0 
2019-04-18_21:28:00,0,Instance/CapEuclideo.50.50.95.5.tpp,0,-0.0422636,2674,2792,12,15,615.654,37,887.1MB,1.207GB,1555620254,alg=0;job=1,0,1,0 18 35 7 14 42 48 22 1 13 41 37 0 
2019-04-18_21:34:03,0,Instance/CapEuclideo.50.50.99.1.tpp,0,-0.55138,764,1703,5,8,368.645,4,887.1MB,1.207GB,1555621256,alg=0;job=1,0,1,0 4 34 18 27 0 
2019-04-18_21:37:32,0,Instance/CapEuclideo.50.50.99.2.tpp,0,-0.357088,839,1305,7,14,178.417,2,887.1MB,1.207GB,1555622258,alg=0;job=1,0,1,0 28 10 42 14 2 37 0 
2019-04-18_21:40:30,0,Instance/CapEuclideo.50.100.1.1.tpp,1,0,83044,83044,50,50,86.622,2,887.1MB,1.207GB,1555626266,alg=0;job=1,0,1,0 42 4 3 34 18 27 37 36 35 17 11 46 30 47 12 24 9 21 33 39 1 38 8 2 41 44 19 48 28 26 32 14 16 5 25 6 43 20 7 10 29 45 49 23 22 31 40 15 13 0 
2019-04-18_21:41:57,0,Instance/CapEuclideo.50.100.1.2.tpp,1,0,87427,87427,50,50,274.62,3,912.5MB,1.207GB,1555627268,alg=0;job=1,0,1,0 28 26 31 5 48 34 30 9 49 32 24 1 23 22 7 13 12 35 3 29 47 44 20 16 33 39 36 17 4 19 27 6 40 21 10 15 46 43 42 14 2 37 45 38 8 18 11 41 25 0 
2019-04-18_21:46:32,0,Instance/CapEuclideo.50.100.1.3.tpp,1,0,85002,85002,50,50,105.186,2,1.003GB,1.207GB,1555628271,alg=0;job=1,0,1,0 24 13 43 31 28 45 41 18 4 42 37 33 5 11 14 12 1 39 21 7 46 30 16 29 49 38 9 17 27 34 2 44 15 36 48 23 47 10 22 35 8 25 32 6 26 40 20 19 3 0 
2019-04-18_21:38:14,0,Instance/CapEuclideo.50.50.99.3.tpp,0,-0.135235,1637,1893,7,11,610.574,15,1.003GB,1.207GB,1555623260,alg=0;job=1,0,1,0 8 35 16 30 29 25 0 
2019-04-18_21:38:16,0,Instance/CapEuclideo.50.50.99.4.tpp,0,-0.461503,1154,2143,6,13,613.633,12,1.003GB,1.207GB,1555624262,alg=0;job=1,0,1,0 17 1 43 40 4 0 
2019-04-18_21:40:11,0,Instance/CapEuclideo.50.50.99.5.tpp,0,0.0304501,2335,2266,9,12,633.647,18,1.003GB,1.207GB,1555625264,alg=0;job=1,0,1,0 41 13 19 14 48 9 40 37 0 
2019-04-18_21:48:24,0,Instance/CapEuclideo.50.100.1.5.tpp,1,0,87090,87090,50,50,159.497,16,1.003GB,1.207GB,1555630275,alg=0;job=1,0,1,0 31 37 18 41 13 4 23 20 21 28 12 33 34 3 24 46 32 43 29 9 40 1 36 19 22 10 17 48 42 14 8 5 7 38 35 25 30 44 16 45 26 6 15 47 11 27 39 2 49 0 
2019-04-18_21:48:29,0,Instance/CapEuclideo.50.100.5.1.tpp,1,0,29334,29334,50,50,161.295,2,1.003GB,1.207GB,1555631277,alg=0;job=1,0,1,0 42 4 3 34 18 27 37 36 35 17 11 46 30 47 12 24 9 21 33 39 1 38 8 2 41 44 19 48 28 26 32 14 16 5 25 6 43 20 7 10 29 45 49 23 22 31 40 15 13 0 
2019-04-18_21:48:17,0,Instance/CapEuclideo.50.100.1.4.tpp,1,0,89756,89756,50,50,439.048,3,1.003GB,1.207GB,1555629273,alg=0;job=1,0,1,0 44 18 9 48 24 8 35 37 47 10 49 32 16 23 39 21 3 29 13 11 45 26 19 46 14 7 34 41 42 25 36 15 28 31 27 33 6 30 12 5 38 2 22 17 1 43 40 20 4 0 
2019-04-18_21:50:45,0,Instance/CapEuclideo.50.100.5.2.tpp,1,0,30089,30089,50,50,290.466,3,1.003GB,1.207GB,1555632279,alg=0;job=1,0,1,0 28 26 31 5 48 34 30 9 49 32 24 1 23 22 7 13 12 35 3 29 47 44 20 16 33 39 36 17 4 19 27 6 40 21 10 15 46 43 42 14 2 37 45 38 8 18 11 41 25 0 
2019-04-18_21:51:04,0,Instance/CapEuclideo.50.100.5.3.tpp,1,0,29016,29016,50,50,291.764,2,1.003GB,1.207GB,1555633281,alg=0;job=1,0,1,0 24 13 43 31 28 45 41 18 4 42 37 33 5 11 14 12 1 39 21 7 46 30 16 29 49 38 9 17 27 34 2 44 15 36 48 23 47 10 22 35 8 25 32 6 26 40 20 19 3 0 
2019-04-18_21:51:11,0,Instance/CapEuclideo.50.100.5.4.tpp,1,0,29913,29913,50,50,479.011,3,1.003GB,1.207GB,1555634283,alg=0;job=1,0,1,0 44 18 9 48 24 8 35 37 47 10 49 32 16 23 39 21 3 29 13 11 45 26 19 46 14 7 34 41 42 25 36 15 28 31 27 33 6 30 12 5 38 2 22 17 1 43 40 20 4 0 
2019-04-18_21:55:36,0,Instance/CapEuclideo.50.100.5.5.tpp,1,0,29503,29503,50,50,284.535,14,1.003GB,1.207GB,1555635284,alg=0;job=1,0,1,0 31 37 18 41 13 4 23 20 21 28 12 33 34 3 24 46 32 43 29 9 40 1 36 19 22 10 17 48 42 14 8 5 7 38 35 25 30 44 16 45 26 6 15 47 11 27 39 2 49 0 
2019-04-18_21:55:36,0,Instance/CapEuclideo.50.100.7.1.tpp,1,0,14066,14066,49,49,396.48,3,1.003GB,1.207GB,1555636286,alg=0;job=1,0,1,0 13 15 40 31 22 23 49 45 29 10 7 20 43 6 25 5 16 14 32 26 19 48 44 41 2 8 38 1 39 33 21 9 24 12 47 30 46 11 17 35 36 37 27 18 34 3 4 42 0 
2019-04-18_21:55:56,0,Instance/CapEuclideo.50.100.7.2.tpp,1,0,13536,13536,47,47,606.599,6,1.003GB,1.207GB,1555637288,alg=0;job=1,0,1,0 8 18 11 25 41 37 45 2 14 42 43 46 15 10 21 40 6 27 4 17 36 39 33 16 44 47 29 3 35 12 13 7 22 23 1 24 32 49 9 30 34 48 5 31 26 28 0 
2019-04-18_22:00:20,0,Instance/CapEuclideo.50.100.7.4.tpp,1,0,13475,13475,47,47,382.558,4,1.003GB,1.207GB,1555639292,alg=0;job=1,0,1,0 44 18 9 48 24 35 37 47 10 49 32 16 23 39 21 29 13 11 45 26 19 46 14 7 34 41 42 25 36 15 28 31 27 33 6 30 12 5 38 2 22 17 1 43 40 4 0 
2019-04-18_21:59:10,0,Instance/CapEuclideo.50.100.7.3.tpp,1,0,12934,12934,43,43,605.611,8,1.003GB,1.207GB,1555638290,alg=0;job=1,0,1,0 19 20 26 6 32 25 22 10 47 23 48 2 34 44 15 36 49 29 38 17 9 30 16 21 7 39 1 12 14 11 5 33 37 42 4 18 31 28 45 43 13 24 0 
2019-04-18_22:02:12,0,Instance/CapEuclideo.50.100.7.5.tpp,1,0,13686,13686,44,44,609.488,62,1.003GB,1.207GB,1555640294,alg=0;job=1,0,1,0 31 37 18 41 38 13 23 4 21 28 12 33 34 24 46 32 43 29 9 1 36 22 10 17 48 42 14 7 5 45 26 16 25 30 44 6 15 47 11 27 39 2 49 0 
2019-04-18_22:06:02,0,Instance/CapEuclideo.50.100.8.1.tpp,0,-0.0229831,8247,8441,33,35,486.948,8,1.003GB,1.207GB,1555641296,alg=0;job=1,0,1,0 42 31 22 23 49 45 29 10 7 20 6 25 5 26 48 44 41 2 38 33 39 24 9 21 12 47 30 46 37 36 15 13 0 
2019-04-18_22:06:43,0,Instance/CapEuclideo.50.100.8.2.tpp,1,0,7940,7940,36,36,590.689,7,1.003GB,1.207GB,1555642298,alg=0;job=1,0,1,0 25 41 37 45 2 14 42 15 46 10 21 6 27 4 36 17 33 16 44 29 35 12 13 7 22 23 1 32 49 9 30 34 31 26 28 0 
2019-04-18_22:09:15,0,Instance/CapEuclideo.50.100.8.3.tpp,1,0,7831,7831,37,37,611.82,9,1.003GB,1.207GB,1555643300,alg=0;job=1,0,1,0 26 6 32 25 22 10 47 23 48 2 34 44 15 17 9 38 49 29 30 16 21 39 1 12 14 11 5 33 37 42 4 18 31 28 45 13 0 
2019-04-18_22:16:34,0,Instance/CapEuclideo.50.100.9.1.tpp,0,-0.0544722,4461,4718,24,27,283.321,5,1.003GB,1.207GB,1555646306,alg=0;job=1,0,1,0 42 40 31 22 23 49 45 29 10 7 20 43 6 25 5 16 32 3 34 18 27 37 36 0 
2019-04-18_22:12:22,0,Instance/CapEuclideo.50.100.8.4.tpp,1,0.00583232,8278,8230,41,38,607.044,10,1.003GB,1.207GB,1555644302,alg=0;job=1,0,1,0 4 40 43 1 17 22 2 38 5 12 30 6 33 36 15 28 31 25 42 41 34 45 11 13 29 21 39 23 16 32 49 10 47 37 35 24 48 9 18 44 0 
2019-04-18_22:14:09,0,Instance/CapEuclideo.50.100.8.5.tpp,1,0.0056338,8568,8520,37,37,608.197,24,1.003GB,1.207GB,1555645304,alg=0;job=1,0,1,0 31 37 41 13 23 4 21 28 12 33 34 24 32 43 29 10 17 22 48 42 14 9 1 36 38 25 30 44 6 15 47 11 27 39 2 49 0 
2019-04-18_22:19:27,0,Instance/CapEuclideo.50.100.9.2.tpp,1,0.0108395,4756,4705,29,31,609.023,75,1.003GB,1.207GB,1555647308,alg=0;job=1,0,1,0 18 11 25 41 37 45 2 14 42 15 46 10 19 4 36 39 17 47 29 35 12 22 7 13 32 48 5 31 0 
2019-04-18_22:21:17,0,Instance/CapEuclideo.50.100.9.3.tpp,1,0.0228597,4564,4462,27,31,608.573,87,1.003GB,1.207GB,1555648310,alg=0;job=1,0,1,0 3 20 19 24 45 28 31 18 4 42 37 1 39 16 30 9 38 49 29 12 14 11 5 33 43 13 0 
2019-04-18_22:22:29,0,Instance/CapEuclideo.50.100.9.4.tpp,0,0.0164502,4696,4620,27,31,613.833,25,1.003GB,1.207GB,1555649312,alg=0;job=1,0,1,0 8 39 21 3 29 13 11 45 26 19 46 7 42 41 25 28 15 36 33 6 5 1 43 40 20 4 0 
2019-04-18_22:24:17,0,Instance/CapEuclideo.50.100.9.5.tpp,0,0.00786098,4872,4834,31,32,615.737,41,1.003GB,1.207GB,1555650314,alg=0;job=1,0,1,0 49 2 39 27 11 47 15 6 44 30 25 35 7 19 14 42 48 17 22 9 29 43 32 46 40 1 38 41 18 31 0 
2019-04-18_22:29:36,0,Instance/CapEuclideo.50.100.95.1.tpp,0,-0.245553,2587,3429,16,19,604.287,8,1.003GB,1.207GB,1555651316,alg=0;job=1,0,1,0 42 14 16 5 25 6 43 20 10 29 45 22 31 40 13 0 
2019-04-18_22:31:26,0,Instance/CapEuclideo.50.100.95.2.tpp,0,-0.120583,2837,3226,23,21,613.75,78,1.003GB,1.207GB,1555652318,alg=0;job=1,0,1,0 31 5 48 35 12 7 13 32 30 18 11 25 41 37 2 14 42 15 46 10 26 28 0 
2019-04-18_22:32:43,0,Instance/CapEuclideo.50.100.95.3.tpp,0,-0.00212917,2812,2818,20,19,603.819,14,1.003GB,1.207GB,1555653320,alg=0;job=1,0,1,0 13 43 33 5 11 14 12 39 1 37 42 4 18 28 45 24 19 20 3 0 
2019-04-18_22:34:33,0,Instance/CapEuclideo.50.100.95.4.tpp,0,-0.0100313,3158,3190,19,22,643.964,69,1.003GB,1.207GB,1555654322,alg=0;job=1,0,1,0 3 29 11 45 26 19 7 42 25 28 15 33 27 5 1 43 40 4 0 
2019-04-18_22:41:40,0,Instance/CapEuclideo.50.100.99.1.tpp,0,-0.334868,1589,2389,10,14,243.518,3,1.003GB,1.207GB,1555656326,alg=0;job=1,0,1,0 13 15 40 31 22 10 7 20 42 0 
2019-04-18_22:39:41,0,Instance/CapEuclideo.50.100.95.5.tpp,0,0.0299419,3371,3273,17,21,615.767,23,1.003GB,1.207GB,1555655324,alg=0;job=1,0,1,0 31 20 23 4 3 46 40 1 38 35 25 30 44 6 15 47 0 
2019-04-18_22:42:47,0,Instance/CapEuclideo.50.100.99.2.tpp,0,-0.478348,1036,1986,12,16,448.722,10,1.003GB,1.207GB,1555657328,alg=0;job=1,0,1,0 25 41 37 2 14 42 15 46 10 26 28 0 
2019-04-18_22:50:16,0,Instance/CapEuclideo.50.150.1.1.tpp,1,0,126600,126600,50,50,202.354,2,1.003GB,1.207GB,1555661335,alg=0;job=1,0,1,0 42 4 3 34 18 27 37 36 35 17 11 46 30 47 12 24 9 21 33 39 1 38 8 2 41 44 19 48 28 26 32 14 16 5 25 6 43 20 7 10 29 45 49 23 22 31 40 15 13 0 
2019-04-18_22:45:17,0,Instance/CapEuclideo.50.100.99.3.tpp,0,-0.193687,1686,2091,9,14,631.479,14,1.003GB,1.207GB,1555658330,alg=0;job=1,0,1,0 5 14 12 16 30 29 35 8 0 
2019-04-18_22:45:43,0,Instance/CapEuclideo.50.100.99.4.tpp,0,-0.260421,1863,2519,12,18,620.479,18,1.003GB,1.207GB,1555659332,alg=0;job=1,0,1,0 22 38 31 28 15 33 6 1 43 40 4 0 
2019-04-18_22:53:38,0,Instance/CapEuclideo.50.150.1.2.tpp,1,0,128380,128380,50,50,254.152,3,1.003GB,1.207GB,1555662337,alg=0;job=1,0,1,0 28 26 31 5 48 34 30 9 49 32 24 1 23 22 7 13 12 35 3 29 47 44 20 16 33 39 36 17 4 19 27 6 40 21 10 15 46 43 42 14 2 37 45 38 8 18 11 41 25 0 
2019-04-18_22:55:49,0,Instance/CapEuclideo.50.150.1.3.tpp,1,0,127979,127979,50,50,238.101,3,1.003GB,1.207GB,1555663339,alg=0;job=1,0,1,0 24 13 43 31 28 45 41 18 4 42 37 33 5 11 14 12 1 39 21 7 46 30 16 29 49 38 9 17 27 34 2 44 15 36 48 23 47 10 22 35 8 25 32 6 26 40 20 19 3 0 
2019-04-18_22:49:57,0,Instance/CapEuclideo.50.100.99.5.tpp,0,-0.218217,2017,2580,9,13,622.526,17,1.003GB,1.207GB,1555660333,alg=0;job=1,0,1,0 37 41 13 38 35 25 30 44 0 
2019-04-18_22:57:52,0,Instance/CapEuclideo.50.150.1.5.tpp,1,0,126927,126927,50,50,264.188,12,1.003GB,1.207GB,1555665343,alg=0;job=1,0,1,0 31 37 18 41 13 4 23 20 21 28 12 33 34 3 24 46 32 43 29 9 40 1 36 19 22 10 17 48 42 14 8 5 7 38 35 25 30 44 16 45 26 6 15 47 11 27 39 2 49 0 
2019-04-18_23:00:19,0,Instance/CapEuclideo.50.150.5.2.tpp,1,0,42006,42006,50,50,186.598,3,1.003GB,1.207GB,1555667347,alg=0;job=1,0,1,0 28 26 31 5 48 34 30 9 49 32 24 1 23 22 7 13 12 35 3 29 47 44 20 16 33 39 36 17 4 19 27 6 40 21 10 15 46 43 42 14 2 37 45 38 8 18 11 41 25 0 
2019-04-18_22:59:47,0,Instance/CapEuclideo.50.150.5.1.tpp,1,0,42092,42092,50,50,223.418,2,1.003GB,1.207GB,1555666345,alg=0;job=1,0,1,0 42 4 3 34 18 27 37 36 35 17 11 46 30 47 12 24 9 21 33 39 1 38 8 2 41 44 19 48 28 26 32 14 16 5 25 6 43 20 7 10 29 45 49 23 22 31 40 15 13 0 
2019-04-18_22:56:04,0,Instance/CapEuclideo.50.150.1.4.tpp,1,0,130088,130088,50,50,447.261,4,1.003GB,1.207GB,1555664341,alg=0;job=1,0,1,0 44 18 9 48 24 8 35 37 47 10 49 32 16 23 39 21 3 29 13 11 45 26 19 46 14 7 34 41 42 25 36 15 28 31 27 33 6 30 12 5 38 2 22 17 1 43 40 20 4 0 
2019-04-18_23:02:17,0,Instance/CapEuclideo.50.150.5.3.tpp,1,0,41891,41891,50,50,116.828,3,1.003GB,1.207GB,1555668349,alg=0;job=1,0,1,0 24 13 43 31 28 45 41 18 4 42 37 33 5 11 14 12 1 39 21 7 46 30 16 29 49 38 9 17 27 34 2 44 15 36 48 23 47 10 22 35 8 25 32 6 26 40 20 19 3 0 
2019-04-18_23:03:26,0,Instance/CapEuclideo.50.150.5.4.tpp,1,0,42116,42116,50,50,297.532,3,1.003GB,1.207GB,1555669351,alg=0;job=1,0,1,0 44 18 9 48 24 8 35 37 47 10 49 32 16 23 39 21 3 29 13 11 45 26 19 46 14 7 34 41 42 25 36 15 28 31 27 33 6 30 12 5 38 2 22 17 1 43 40 20 4 0 
2019-04-18_23:03:30,0,Instance/CapEuclideo.50.150.5.5.tpp,1,0,41300,41300,50,50,306.175,17,1.003GB,1.207GB,1555670353,alg=0;job=1,0,1,0 31 37 18 41 13 4 23 20 21 28 12 33 34 3 24 46 32 43 29 9 40 1 36 19 22 10 17 48 42 14 8 5 7 38 35 25 30 44 16 45 26 6 15 47 11 27 39 2 49 0 
2019-04-18_23:03:31,0,Instance/CapEuclideo.50.150.7.1.tpp,0,-0.00448721,18414,18497,47,48,610.497,4,1.003GB,1.207GB,1555671355,alg=0;job=1,0,1,0 42 4 34 18 27 37 36 35 17 11 46 30 47 12 24 9 21 33 39 1 38 8 2 41 44 48 26 32 14 16 5 25 6 43 20 7 10 29 45 49 23 22 31 40 15 13 0 
2019-04-18_23:04:13,0,Instance/CapEuclideo.50.150.7.2.tpp,1,0,17710,17710,48,48,602.759,4,1.003GB,1.207GB,1555672357,alg=0;job=1,0,1,0 25 41 11 18 8 38 45 37 2 14 42 43 46 15 10 21 40 6 27 19 4 17 36 39 33 16 20 44 29 35 12 13 7 22 23 1 24 32 49 9 30 34 48 5 31 26 28 0 
2019-04-18_23:08:23,0,Instance/CapEuclideo.50.150.7.3.tpp,1,0,17665,17665,46,46,479.39,4,1.003GB,1.207GB,1555673359,alg=0;job=1,0,1,0 24 13 45 28 18 4 42 37 33 5 11 14 12 1 39 21 7 46 16 30 9 17 38 29 49 36 15 44 34 2 48 23 47 10 22 35 8 25 32 6 26 40 20 19 3 0 
2019-04-18_23:08:37,0,Instance/CapEuclideo.50.150.7.4.tpp,1,0,17964,17964,50,50,469.77,3,1.003GB,1.207GB,1555674361,alg=0;job=1,0,1,0 44 18 9 48 24 8 35 37 47 10 49 32 16 23 39 21 3 29 13 11 45 26 19 46 14 7 34 41 42 25 36 15 28 31 27 33 6 30 12 5 38 2 22 17 1 43 40 20 4 0 
2019-04-18_23:13:42,0,Instance/CapEuclideo.50.150.7.5.tpp,1,0,18236,18236,50,50,319.127,22,1.003GB,1.207GB,1555675363,alg=0;job=1,0,1,0 31 37 18 41 13 4 23 20 21 28 12 33 34 3 24 46 32 43 29 9 40 1 36 19 22 10 17 48 42 14 8 5 7 38 35 25 30 44 16 45 26 6 15 47 11 27 39 2 49 0 
2019-04-18_23:14:16,0,Instance/CapEuclideo.50.150.8.1.tpp,0,-0.0304834,10750,11088,45,45,619.89,8,1.003GB,1.207GB,1555676365,alg=0;job=1,0,1,0 13 40 31 22 45 29 10 7 20 43 6 25 5 16 14 32 26 19 48 44 41 2 8 38 1 39 33 21 9 24 12 47 30 46 11 17 35 36 37 27 18 34 4 42 0 
2019-04-18_23:16:27,0,Instance/CapEuclideo.50.150.8.3.tpp,1,-0.000378609,10561,10565,45,46,518.882,10,1.003GB,1.207GB,1555678369,alg=0;job=1,0,1,0 3 40 20 19 24 13 43 45 28 31 4 42 37 33 5 11 14 12 1 39 21 7 46 30 16 29 49 38 9 17 27 34 2 44 15 36 48 23 47 10 22 25 35 8 0 
2019-04-18_23:16:23,0,Instance/CapEuclideo.50.150.8.2.tpp,1,0,10188,10188,48,48,604.423,17,1.003GB,1.207GB,1555677367,alg=0;job=1,0,1,0 28 26 31 5 48 34 30 9 49 32 24 1 23 22 7 13 12 35 3 29 47 44 16 33 39 36 17 4 19 27 6 40 21 10 15 46 43 42 14 2 45 37 41 25 11 18 8 0 
2019-04-18_23:19:01,0,Instance/CapEuclideo.50.150.8.4.tpp,0,-0.0139979,10425,10573,48,50,608.803,5,1.003GB,1.207GB,1555679371,alg=0;job=1,0,1,0 4 40 43 1 17 22 2 38 5 12 30 6 33 27 31 28 15 36 25 42 41 34 7 46 19 26 45 11 13 29 3 21 39 23 16 32 49 10 47 37 35 8 24 48 9 18 44 0 
2019-04-18_23:24:36,0,Instance/CapEuclideo.50.150.8.5.tpp,0,-0.0214819,10750,10986,43,45,308.317,14,1.003GB,1.207GB,1555680373,alg=0;job=1,0,1,0 31 18 37 23 4 20 21 28 12 33 34 24 46 32 43 29 9 40 1 36 19 22 10 17 48 42 14 8 7 35 25 30 44 16 6 15 47 11 27 39 2 49 0 
2019-04-18_23:25:06,0,Instance/CapEuclideo.50.150.9.1.tpp,0,0.010019,5847,5789,32,33,612.35,43,1.003GB,1.207GB,1555681375,alg=0;job=1,0,1,0 42 22 45 29 10 7 20 43 6 25 5 16 14 4 34 3 21 9 24 33 39 12 18 27 37 36 11 17 35 15 13 0 
2019-04-18_23:26:27,0,Instance/CapEuclideo.50.150.9.2.tpp,1,0.00297343,5397,5381,36,34,606.011,58,1.003GB,1.207GB,1555682377,alg=0;job=1,0,1,0 18 11 25 41 37 45 2 14 42 15 46 10 21 40 6 27 4 36 39 33 16 44 29 3 35 12 22 7 13 49 32 48 5 31 28 0 
2019-04-18_23:29:10,0,Instance/CapEuclideo.50.150.9.3.tpp,1,0.00036503,5481,5479,31,34,606.935,148,1.003GB,1.207GB,1555683379,alg=0;job=1,0,1,0 3 19 20 40 25 22 10 47 23 48 36 49 38 9 30 16 29 12 14 11 5 33 37 42 4 18 31 28 45 13 0 
2019-04-18_23:29:44,0,Instance/CapEuclideo.50.150.9.4.tpp,0,-0.0292261,5381,5543,36,39,617.602,29,1.003GB,1.207GB,1555684381,alg=0;job=1,0,1,0 4 40 43 1 17 5 27 6 33 36 15 28 31 41 42 7 46 19 26 45 11 13 29 3 21 39 47 37 35 8 24 48 9 18 44 0 
2019-04-18_23:35:18,0,Instance/CapEuclideo.50.150.9.5.tpp,0,-0.0556949,5646,5979,35,35,618.086,52,1.003GB,1.207GB,1555685382,alg=0;job=1,0,1,0 31 20 21 28 33 34 24 46 32 43 29 9 40 1 36 22 17 48 42 14 19 7 35 25 30 44 6 15 47 11 27 39 2 49 0 
2019-04-18_23:36:33,0,Instance/CapEuclideo.50.150.95.1.tpp,0,-0.113303,3686,4157,25,27,632.204,60,1.003GB,1.207GB,1555686384,alg=0;job=1,0,1,0 42 22 29 10 20 43 6 25 5 26 48 44 41 2 9 21 3 34 18 27 37 36 15 13 0 
2019-04-18_23:39:16,0,Instance/CapEuclideo.50.150.95.2.tpp,0,-0.235294,2912,3808,20,25,631.782,173,1.003GB,1.207GB,1555687386,alg=0;job=1,0,1,0 18 11 25 41 37 45 2 14 42 15 46 43 40 21 27 4 19 26 28 0 
2019-04-18_23:40:02,0,Instance/CapEuclideo.50.150.95.3.tpp,0,-0.0420847,3437,3588,19,22,607.166,62,1.003GB,1.207GB,1555688388,alg=0;job=1,0,1,0 3 40 25 35 8 5 11 14 12 39 1 37 42 31 28 45 13 24 0 
2019-04-18_23:45:36,0,Instance/CapEuclideo.50.150.95.4.tpp,0,-0.00950829,3646,3681,23,23,617.878,128,1.003GB,1.231GB,1555689390,alg=0;job=1,0,1,0 3 29 11 45 26 19 7 42 41 31 28 15 36 33 6 27 5 17 1 43 40 4 0 
2019-04-18_23:47:06,0,Instance/CapEuclideo.50.150.95.5.tpp,0,0.026459,4151,4044,24,27,615.282,105,1.006GB,1.263GB,1555690392,alg=0;job=1,0,1,0 31 37 41 13 1 40 46 32 43 29 9 22 48 42 14 19 7 16 6 44 30 25 18 0 
2019-04-18_23:49:48,0,Instance/CapEuclideo.50.150.99.1.tpp,0,-0.385613,1990,3239,12,22,621.086,7,1.202GB,1.456GB,1555691394,alg=0;job=1,0,1,0 42 14 16 5 32 21 9 18 27 37 36 0 
2019-04-18_23:50:10,0,Instance/CapEuclideo.50.150.99.2.tpp,0,-0.579138,1162,2761,11,14,606.266,32,1.202GB,1.456GB,1555692396,alg=0;job=1,0,1,0 28 10 46 15 42 14 2 37 41 25 0 
2019-04-19_00:00:16,0,Instance/CapEuclideo.50.200.1.1.tpp,1,0,163462,163462,50,50,268.278,3,1.202GB,1.456GB,1555696404,alg=0;job=1,0,1,0 42 4 3 34 18 27 37 36 35 17 11 46 30 47 12 24 9 21 33 39 1 38 8 2 41 44 19 48 28 26 32 14 16 5 25 6 43 20 7 10 29 45 49 23 22 31 40 15 13 0 
2019-04-18_23:55:54,0,Instance/CapEuclideo.50.150.99.3.tpp,0,-0.0765408,1858,2012,8,11,607.87,29,1.202GB,1.456GB,1555693398,alg=0;job=1,0,1,0 25 10 48 44 15 36 22 0 
2019-04-18_23:57:21,0,Instance/CapEuclideo.50.150.99.4.tpp,0,-0.188784,2054,2532,12,15,634.185,24,1.202GB,1.456GB,1555694400,alg=0;job=1,0,1,0 4 20 30 12 1 43 40 17 22 18 44 0 
2019-04-19_00:06:02,0,Instance/CapEuclideo.50.200.1.3.tpp,1,0,173014,173014,50,50,266.243,3,1.202GB,1.456GB,1555698408,alg=0;job=1,0,1,0 24 13 43 31 28 45 41 18 4 42 37 33 5 11 14 12 1 39 21 7 46 30 16 29 49 38 9 17 27 34 2 44 15 36 48 23 47 10 22 35 8 25 32 6 26 40 20 19 3 0 
2019-04-19_00:00:09,0,Instance/CapEuclideo.50.150.99.5.tpp,0,-0.0691358,3016,3240,12,14,623.047,15,1.202GB,1.456GB,1555695402,alg=0;job=1,0,1,0 31 20 28 4 40 9 48 42 14 8 44 0 
2019-04-19_00:04:44,0,Instance/CapEuclideo.50.200.1.2.tpp,1,0,167145,167145,50,50,387.563,4,1.202GB,1.456GB,1555697406,alg=0;job=1,0,1,0 28 26 31 5 48 34 30 9 49 32 24 1 23 22 7 13 12 35 3 29 47 44 20 16 33 39 36 17 4 19 27 6 40 21 10 15 46 43 42 14 2 37 45 38 8 18 11 41 25 0 
2019-04-19_00:07:55,0,Instance/CapEuclideo.50.200.1.4.tpp,1,0,174836,174836,50,50,306.125,4,1.202GB,1.456GB,1555699410,alg=0;job=1,0,1,0 44 18 9 48 24 8 35 37 47 10 49 32 16 23 39 21 3 29 13 11 45 26 19 46 14 7 34 41 42 25 36 15 28 31 27 33 6 30 12 5 38 2 22 17 1 43 40 20 4 0 
2019-04-19_00:10:28,0,Instance/CapEuclideo.50.200.1.5.tpp,1,0,168189,168189,50,50,185.491,20,1.202GB,1.456GB,1555700412,alg=0;job=1,0,1,0 31 37 18 41 13 4 23 20 21 28 12 33 34 3 24 46 32 43 29 9 40 1 36 19 22 10 17 48 42 14 8 5 7 38 35 25 30 44 16 45 26 6 15 47 11 27 39 2 49 0 
2019-04-19_00:10:32,0,Instance/CapEuclideo.50.200.5.1.tpp,1,0,53186,53186,50,50,208.171,3,1.202GB,1.456GB,1555701414,alg=0;job=1,0,1,0 42 4 3 34 18 27 37 36 35 17 11 46 30 47 12 24 9 21 33 39 1 38 8 2 41 44 19 48 28 26 32 14 16 5 25 6 43 20 7 10 29 45 49 23 22 31 40 15 13 0 
2019-04-19_00:11:12,0,Instance/CapEuclideo.50.200.5.2.tpp,1,0,53628,53628,50,50,350.569,4,1.202GB,1.456GB,1555702416,alg=0;job=1,0,1,0 28 26 31 5 48 34 30 9 49 32 24 1 23 22 7 13 12 35 3 29 47 44 20 16 33 39 36 17 4 19 27 6 40 21 10 15 46 43 42 14 2 37 45 38 8 18 11 41 25 0 
2019-04-19_00:13:34,0,Instance/CapEuclideo.50.200.5.4.tpp,1,0,55905,55905,50,50,357.341,4,1.202GB,1.456GB,1555704420,alg=0;job=1,0,1,0 44 18 9 48 24 8 35 37 47 10 49 32 16 23 39 21 3 29 13 11 45 26 19 46 14 7 34 41 42 25 36 15 28 31 27 33 6 30 12 5 38 2 22 17 1 43 40 20 4 0 
2019-04-19_00:14:01,0,Instance/CapEuclideo.50.200.5.5.tpp,1,0,53661,53661,50,50,343.848,22,1.202GB,1.456GB,1555705422,alg=0;job=1,0,1,0 31 37 18 41 13 4 23 20 21 28 12 33 34 3 24 46 32 43 29 9 40 1 36 19 22 10 17 48 42 14 8 5 7 38 35 25 30 44 16 45 26 6 15 47 11 27 39 2 49 0 
2019-04-19_00:13:01,0,Instance/CapEuclideo.50.200.5.3.tpp,1,0,54911,54911,50,50,473.698,3,1.202GB,1.456GB,1555703418,alg=0;job=1,0,1,0 24 13 43 31 28 45 41 18 4 42 37 33 5 11 14 12 1 39 21 7 46 30 16 29 49 38 9 17 27 34 2 44 15 36 48 23 47 10 22 35 8 25 32 6 26 40 20 19 3 0 
2019-04-19_00:19:45,0,Instance/CapEuclideo.50.200.7.3.tpp,1,0,22386,22386,50,50,383.788,3,1.202GB,1.456GB,1555708428,alg=0;job=1,0,1,0 24 13 43 31 28 45 41 18 4 42 37 33 5 11 14 12 1 39 21 7 46 30 16 29 49 38 9 17 27 34 2 44 15 36 48 23 47 10 22 35 8 25 32 6 26 40 20 19 3 0 
2019-04-19_00:17:02,0,Instance/CapEuclideo.50.200.7.1.tpp,1,0,22626,22626,50,50,561.895,3,1.202GB,1.456GB,1555706424,alg=0;job=1,0,1,0 42 4 3 34 18 27 37 36 35 17 11 46 30 47 12 24 9 21 33 39 1 38 8 2 41 44 19 48 28 26 32 14 16 5 25 6 43 20 7 10 29 45 49 23 22 31 40 15 13 0 
2019-04-19_00:19:31,0,Instance/CapEuclideo.50.200.7.2.tpp,1,0,21912,21912,50,50,609.701,9,1.202GB,1.456GB,1555707426,alg=0;job=1,0,1,0 28 26 31 5 48 34 30 9 49 32 24 1 23 22 7 13 12 35 3 29 47 44 20 16 33 39 36 17 4 19 27 6 40 21 10 15 46 43 42 14 2 37 45 38 8 18 11 41 25 0 
2019-04-19_00:20:55,0,Instance/CapEuclideo.50.200.7.4.tpp,1,0,22927,22927,50,50,546.987,3,1.202GB,1.456GB,1555709430,alg=0;job=1,0,1,0 44 18 9 48 24 8 35 37 47 10 49 32 16 23 39 21 3 29 13 11 45 26 19 46 14 7 34 41 42 25 36 15 28 31 27 33 6 30 12 5 38 2 22 17 1 43 40 20 4 0 
2019-04-19_00:26:24,0,Instance/CapEuclideo.50.200.8.1.tpp,1,0,12519,12519,47,47,337.707,5,1.202GB,1.456GB,1555711433,alg=0;job=1,0,1,0 42 4 3 34 18 27 37 36 35 17 11 46 30 47 12 24 9 21 33 39 1 38 8 2 41 44 48 19 26 32 14 16 5 25 6 43 20 7 10 29 45 22 31 40 15 13 0 
2019-04-19_00:26:08,0,Instance/CapEuclideo.50.200.7.5.tpp,1,0,22594,22594,50,50,429.629,12,1.202GB,1.456GB,1555710431,alg=0;job=1,0,1,0 31 37 18 41 13 4 23 20 21 28 12 33 34 3 24 46 32 43 29 9 40 1 36 19 22 10 17 48 42 14 8 5 7 38 35 25 30 44 16 45 26 6 15 47 11 27 39 2 49 0 
2019-04-19_00:32:02,0,Instance/CapEuclideo.50.200.8.4.tpp,1,0,12717,12717,48,48,303.39,7,1.202GB,1.456GB,1555714439,alg=0;job=1,0,1,0 44 18 48 24 8 35 37 47 10 49 32 16 23 39 21 3 29 13 11 45 26 19 46 14 7 34 41 42 25 36 15 28 31 27 6 30 12 5 38 2 22 17 1 43 40 20 4 0 
2019-04-19_00:30:02,0,Instance/CapEuclideo.50.200.8.3.tpp,1,0,12431,12431,45,45,447.596,8,1.202GB,1.456GB,1555713437,alg=0;job=1,0,1,0 3 20 40 26 6 32 25 8 35 22 10 47 23 48 36 15 44 2 34 27 17 9 38 30 16 46 7 21 39 1 12 14 11 5 33 37 42 4 18 31 28 45 13 24 0 
2019-04-19_00:29:41,0,Instance/CapEuclideo.50.200.8.2.tpp,1,0.00041295,12113,12108,44,45,606.546,15,1.202GB,1.456GB,1555712435,alg=0;job=1,0,1,0 30 34 5 48 32 49 24 1 23 22 7 13 12 35 29 47 44 16 33 39 36 4 19 27 6 40 21 10 46 15 42 14 2 37 45 38 8 18 11 25 41 26 28 0 
2019-04-19_00:33:18,0,Instance/CapEuclideo.50.200.8.5.tpp,1,0,12612,12612,44,44,605.482,10,1.202GB,1.456GB,1555715441,alg=0;job=1,0,1,0 49 2 39 27 11 47 15 6 44 16 45 5 8 14 42 48 17 10 22 36 1 40 9 29 43 32 46 24 34 33 12 28 21 20 23 4 13 38 35 25 30 18 31 0 
2019-04-19_00:37:06,0,Instance/CapEuclideo.50.200.9.1.tpp,0,-0.0553426,6162,6523,34,36,617.85,21,1.202GB,1.456GB,1555716443,alg=0;job=1,0,1,0 42 4 27 18 34 3 21 9 24 12 39 33 8 38 2 41 19 26 5 16 14 25 6 43 20 7 10 29 45 22 31 40 13 0 
2019-04-19_00:37:30,0,Instance/CapEuclideo.50.200.9.2.tpp,0,0.000160953,6214,6213,39,41,612.598,113,1.202GB,1.456GB,1555717445,alg=0;job=1,0,1,0 28 31 34 5 48 32 49 24 1 23 22 12 35 3 29 44 16 33 39 36 17 4 19 27 6 21 40 43 46 15 42 14 2 37 41 25 11 18 0 
2019-04-19_00:39:48,0,Instance/CapEuclideo.50.200.9.3.tpp,0,-0.0243551,6089,6241,37,38,605.166,89,1.202GB,1.456GB,1555718447,alg=0;job=1,0,1,0 8 25 22 10 48 36 15 44 27 17 9 38 30 16 21 7 39 1 12 14 11 5 33 37 42 4 18 31 28 45 43 13 24 19 20 3 0 
2019-04-19_00:43:23,0,Instance/CapEuclideo.50.200.9.4.tpp,0,-0.00900062,6386,6444,39,40,612.57,55,1.202GB,1.456GB,1555719449,alg=0;job=1,0,1,0 44 18 9 48 24 8 35 37 47 10 49 32 16 23 26 45 11 34 41 42 25 36 15 28 31 27 33 6 30 12 5 38 22 17 1 43 40 4 0 
2019-04-19_00:47:24,0,Instance/CapEuclideo.50.200.9.5.tpp,0,-0.000459137,6531,6534,35,36,613.154,124,1.202GB,1.456GB,1555720451,alg=0;job=1,0,1,0 49 2 39 27 11 47 15 6 44 30 25 35 7 19 14 42 48 17 22 9 29 43 32 46 24 3 40 1 36 38 13 41 37 31 0 
2019-04-19_00:47:42,0,Instance/CapEuclideo.50.200.95.1.tpp,0,-0.0956804,3894,4306,23,29,615.043,39,1.202GB,1.456GB,1555721453,alg=0;job=1,0,1,0 42 40 31 22 29 10 7 20 43 6 25 5 26 19 21 9 3 34 18 27 37 36 0 
2019-04-19_00:49:53,0,Instance/CapEuclideo.50.200.95.2.tpp,0,-0.116846,4021,4553,26,32,622.447,58,1.202GB,1.456GB,1555722455,alg=0;job=1,0,1,0 31 5 48 13 7 12 35 3 29 44 16 33 17 4 27 21 46 15 42 14 2 37 41 25 11 0 
2019-04-19_00:53:36,0,Instance/CapEuclideo.50.200.95.3.tpp,0,-0.000749064,4002,4005,27,27,603.966,885,1.202GB,1.456GB,1555723457,alg=0;job=1,0,1,0 3 20 19 45 28 31 18 4 42 37 33 5 11 14 12 16 30 38 9 17 15 44 48 10 22 25 0 
2019-04-19_00:57:37,0,Instance/CapEuclideo.50.200.95.4.tpp,1,0.0100688,4113,4072,26,26,614.066,87,1.202GB,1.456GB,1555724459,alg=0;job=1,0,1,0 21 3 29 13 11 45 26 19 7 34 41 31 28 15 36 33 6 27 38 17 1 43 40 20 4 0 
2019-04-19_00:57:57,0,Instance/CapEuclideo.50.200.95.5.tpp,0,-0.0353798,4635,4805,26,29,605.126,34,1.202GB,1.456GB,1555725461,alg=0;job=1,0,1,0 31 20 21 33 3 46 32 43 29 9 22 48 42 14 19 7 45 26 6 47 11 27 39 2 49 0 
2019-04-19_01:00:16,0,Instance/CapEuclideo.50.200.99.1.tpp,0,-0.044739,2306,2414,13,15,613.226,6,1.202GB,1.456GB,1555726463,alg=0;job=1,0,1,0 42 22 45 29 10 20 6 25 5 21 9 34 0 
2019-04-19_01:03:40,0,Instance/CapEuclideo.50.200.99.2.tpp,0,-0.296029,1950,2770,9,14,611.683,20,1.202GB,1.456GB,1555727465,alg=0;job=1,0,1,0 28 26 4 17 36 6 21 10 0 
2019-04-19_01:07:51,0,Instance/CapEuclideo.50.200.99.3.tpp,0,-0.255328,1817,2440,9,14,618.615,18,1.44GB,1.679GB,1555728467,alg=0;job=1,0,1,0 33 37 42 4 18 28 45 13 0 
2019-04-19_01:08:03,0,Instance/CapEuclideo.50.200.99.4.tpp,1,0.00228397,2633,2627,16,18,618.868,38,1.44GB,1.679GB,1555729469,alg=0;job=1,0,1,0 17 5 6 33 36 15 28 31 34 45 11 29 3 18 44 0 
2019-04-19_01:10:29,0,Instance/CapEuclideo.50.200.99.5.tpp,0,-0.341253,2440,3704,13,22,655.272,22,1.479GB,1.679GB,1555730471,alg=0;job=1,0,1,0 31 37 23 4 13 38 35 25 30 39 2 49 0 
2019-04-19_01:13:52,0,Instance/CapEuclideo.100.50.1.1.tpp,1,0,93291,93291,100,100,644.682,22,2.005GB,2.128GB,1555731473,alg=0;job=1,0,1,0 52 64 70 79 31 99 40 58 98 13 66 95 15 92 90 35 17 11 94 37 36 63 76 97 96 89 27 18 72 34 3 53 68 21 9 24 60 51 62 77 46 30 47 12 39 33 65 73 1 67 38 8 75 2 41 44 48 88 28 54 87 26 57 93 80 19 74 32 16 5 25 6 84 61 43 50 83 49 23 81 45 82 29 56 22 10 7 20 71 55 14 78 59 91 86 85 4 69 42 0 
2019-04-19_01:18:10,0,Instance/CapEuclideo.100.50.1.2.tpp,1,0,93710,93710,100,100,640.425,13,2.34GB,2.455GB,1555732475,alg=0;job=1,0,1,0 28 94 26 10 42 14 2 37 84 41 25 69 11 18 64 8 86 38 83 58 73 87 89 45 43 15 46 57 91 40 21 6 88 99 75 85 61 72 27 19 56 78 52 4 62 55 17 36 39 74 33 16 82 60 20 65 95 59 92 70 29 97 44 54 47 96 50 3 35 12 76 80 66 13 68 7 22 23 1 71 24 98 63 32 49 51 9 81 30 34 67 48 5 93 79 77 90 53 31 0 
2019-04-19_01:18:22,0,Instance/CapEuclideo.100.50.1.3.tpp,1,0,86395,86395,100,100,640.047,13,2.34GB,2.455GB,1555733477,alg=0;job=1,0,1,0 3 20 19 59 24 56 67 13 43 55 31 50 28 45 60 53 41 94 72 18 4 42 37 85 97 61 33 90 5 11 96 14 12 57 93 68 69 1 39 54 65 62 80 78 21 7 83 46 84 30 16 87 99 29 49 91 66 88 38 64 9 17 92 63 27 74 34 2 73 44 15 36 82 48 58 23 47 10 22 81 79 71 35 8 95 25 70 32 51 86 98 6 77 75 26 89 40 52 76 0 
2019-04-19_01:21:24,0,Instance/CapEuclideo.100.50.1.4.tpp,1,0,92922,92922,100,100,634.149,10,2.34GB,2.455GB,1555734478,alg=0;job=1,0,1,0 83 50 4 40 43 1 17 22 86 2 59 87 13 29 74 3 21 39 96 67 77 88 90 75 18 44 9 48 24 93 62 8 55 35 37 47 89 53 71 10 99 72 49 32 79 23 16 51 64 61 85 91 95 82 11 45 84 81 26 19 68 46 57 14 92 7 63 34 41 42 70 25 36 15 28 31 56 33 6 27 65 94 54 66 38 52 5 76 12 30 69 73 58 20 98 97 60 78 80 0 
2019-04-19_01:24:37,0,Instance/CapEuclideo.100.50.1.5.tpp,1,0,81486,81486,100,100,621.796,9,2.34GB,2.455GB,1555735480,alg=0;job=1,0,1,0 49 55 2 81 39 27 86 11 47 62 68 96 15 6 60 26 57 97 45 16 44 76 83 54 82 30 25 63 35 79 51 7 74 59 5 71 8 88 61 95 69 17 53 87 10 22 48 42 14 19 50 89 36 73 9 1 40 72 80 29 43 32 46 24 3 52 34 90 33 58 91 70 12 28 64 21 20 94 65 78 4 23 99 66 38 13 56 41 98 84 18 77 92 37 75 93 85 67 31 0 
2019-04-19_01:29:02,0,Instance/CapEuclideo.100.50.5.2.tpp,1,0,33050,33050,100,100,618.565,14,2.34GB,2.455GB,1555737484,alg=0;job=1,0,1,0 28 94 26 10 42 14 2 37 84 41 25 69 11 18 64 8 86 38 83 58 73 87 89 45 43 15 46 57 91 40 21 6 88 99 75 85 61 72 27 19 56 78 52 4 62 55 17 36 39 74 33 16 82 60 20 65 95 59 92 70 29 97 44 54 47 96 50 3 35 12 76 80 66 13 68 7 22 23 1 71 24 98 63 32 49 51 9 81 30 34 67 48 5 93 79 77 90 53 31 0 
2019-04-19_01:28:50,0,Instance/CapEuclideo.100.50.5.1.tpp,1,0,33174,33174,100,100,630.194,25,2.34GB,2.455GB,1555736482,alg=0;job=1,0,1,0 52 64 70 79 31 99 40 58 98 13 66 95 15 92 90 35 17 11 94 37 36 63 76 97 96 89 27 18 72 34 3 53 68 21 9 24 60 51 62 77 46 30 47 12 39 33 65 73 1 67 38 8 75 2 41 44 48 88 28 54 87 26 57 93 80 19 74 32 16 5 25 6 84 61 43 50 83 49 23 81 45 82 29 56 22 10 7 20 71 55 14 78 59 91 86 85 4 69 42 0 
2019-04-19_01:31:58,0,Instance/CapEuclideo.100.50.5.3.tpp,1,0,30223,30223,100,100,626.637,17,2.34GB,2.455GB,1555738486,alg=0;job=1,0,1,0 3 20 19 59 24 56 67 13 43 55 31 50 28 45 60 53 41 94 72 18 4 42 37 85 97 61 33 90 5 11 96 14 12 57 93 68 69 1 39 54 65 62 80 78 21 7 83 46 84 30 16 87 99 29 49 91 66 88 38 64 9 17 92 63 27 74 34 2 73 44 15 36 82 48 58 23 47 10 22 81 79 71 35 8 95 25 70 32 51 86 98 6 77 75 26 89 40 52 76 0 
2019-04-19_01:34:58,0,Instance/CapEuclideo.100.50.5.4.tpp,1,0,32249,32249,100,100,624.358,13,2.34GB,2.455GB,1555739488,alg=0;job=1,0,1,0 83 50 4 40 43 1 17 22 86 2 59 87 13 29 74 3 21 39 96 67 77 88 90 75 18 44 9 48 24 93 62 8 55 35 37 47 89 53 71 10 99 72 49 32 79 23 16 51 64 61 85 91 95 82 11 45 84 81 26 19 68 46 57 14 92 7 63 34 41 42 70 25 36 15 28 31 56 33 6 27 65 94 54 66 38 52 5 76 12 30 69 73 58 20 98 97 60 78 80 0 
2019-04-19_01:39:20,0,Instance/CapEuclideo.100.50.5.5.tpp,1,0,28275,28275,98,100,632.003,12,2.34GB,2.455GB,1555740490,alg=0;job=1,0,1,0 31 67 85 93 75 37 18 84 98 41 56 13 38 66 99 23 4 78 65 94 20 21 64 28 12 70 91 58 33 90 34 52 3 24 46 32 43 29 80 72 40 1 9 73 36 89 50 19 14 42 48 22 10 87 53 17 69 95 61 88 8 71 5 59 74 7 51 79 35 63 25 30 82 54 83 76 44 16 45 97 57 26 60 6 15 96 68 62 47 11 86 27 39 81 2 55 49 0 
2019-04-19_01:39:20,0,Instance/CapEuclideo.100.50.7.1.tpp,1,0.00651857,15904,15801,91,88,764.472,25,2.34GB,2.455GB,1555741492,alg=0;job=1,0,1,0 42 52 64 70 58 98 40 99 31 22 56 29 82 45 81 23 49 83 7 10 20 43 61 84 6 25 5 16 14 55 78 91 86 85 59 32 74 93 57 26 87 80 19 48 44 41 2 75 8 38 1 73 65 33 39 12 47 30 46 77 62 51 60 24 9 21 68 53 3 34 72 18 27 89 96 97 76 63 36 37 94 11 17 35 90 92 15 95 66 13 0 
2019-04-19_01:42:25,0,Instance/CapEuclideo.100.50.7.2.tpp,1,0,15665,15665,90,90,700.597,26,2.34GB,2.455GB,1555742494,alg=0;job=1,0,1,0 25 41 84 69 11 18 8 86 38 83 58 73 87 89 45 37 2 14 42 15 46 43 57 91 40 21 6 75 99 85 61 72 39 36 62 55 4 52 78 56 90 93 79 77 96 47 54 33 74 16 82 60 20 95 44 97 59 92 70 29 3 35 12 76 80 66 13 68 7 22 23 1 71 24 98 63 32 49 51 9 81 30 34 48 5 67 53 94 28 0 
2019-04-19_01:45:23,0,Instance/CapEuclideo.100.50.7.3.tpp,1,0.00243767,14393,14358,91,87,708.754,36,2.34GB,2.455GB,1555743498,alg=0;job=1,0,1,0 76 3 19 20 52 40 89 86 98 6 75 77 51 32 70 47 10 22 25 95 8 35 71 79 81 99 29 49 91 36 82 15 44 73 2 34 74 27 63 92 17 9 64 38 88 84 46 83 7 21 30 16 87 78 80 62 54 39 1 68 93 57 12 14 96 11 5 90 33 61 97 85 37 42 4 18 72 94 41 53 45 28 50 31 55 43 13 67 56 24 0 
2019-04-19_01:49:52,0,Instance/CapEuclideo.100.50.7.4.tpp,1,0.00116747,15436,15418,90,90,775.05,16,2.34GB,2.455GB,1555744500,alg=0;job=1,0,1,0 83 90 75 18 44 9 48 24 93 62 8 55 35 37 47 89 53 71 10 99 72 49 32 79 16 51 64 61 85 95 91 96 39 21 29 3 74 86 2 59 87 13 82 11 45 84 26 68 19 63 7 57 14 92 70 42 41 56 31 28 15 36 33 6 27 65 94 54 66 38 52 5 76 12 30 69 58 20 43 1 17 22 50 4 98 97 60 78 80 0 
2019-04-19_01:52:05,0,Instance/CapEuclideo.100.50.7.5.tpp,1,0.0154954,13959,13746,90,84,649.528,17,2.34GB,2.455GB,1555745502,alg=0;job=1,0,1,0 31 67 85 93 75 37 18 84 98 41 56 13 66 99 23 4 78 65 94 21 64 28 91 58 33 90 34 52 3 24 46 32 43 29 80 72 40 1 9 73 36 89 50 19 22 10 87 53 17 69 95 48 42 14 88 8 71 5 97 57 45 59 74 7 51 79 35 63 25 30 82 54 83 76 44 6 15 96 68 62 47 11 86 27 39 81 2 55 49 0 
2019-04-19_01:54:06,0,Instance/CapEuclideo.100.50.8.1.tpp,0,-0.00476867,9809,9856,71,75,738.787,127,2.34GB,2.455GB,1555746504,alg=0;job=1,0,1,0 13 66 95 15 92 90 63 76 97 96 36 37 89 27 18 72 34 3 53 68 21 9 60 51 62 77 46 30 47 12 33 8 38 67 2 19 80 26 57 93 74 32 14 78 59 85 91 86 71 61 43 20 10 7 83 82 29 45 49 81 23 31 99 40 58 79 70 64 52 42 0 
2019-04-19_01:57:11,0,Instance/CapEuclideo.100.50.8.2.tpp,1,0.0336583,10073,9745,75,64,698.815,143,2.34GB,2.455GB,1555747506,alg=0;job=1,0,1,0 18 11 69 25 41 84 89 87 73 83 58 45 37 2 14 42 15 46 57 91 40 6 75 99 88 27 4 52 78 55 62 36 17 74 33 54 44 95 65 60 20 59 92 70 35 12 76 80 7 13 68 23 1 71 24 98 63 32 49 51 9 81 34 48 5 93 79 77 90 53 31 94 26 28 0 
2019-04-19_02:02:48,0,Instance/CapEuclideo.100.50.8.3.tpp,1,0.00399726,8791,8756,68,68,725.732,56,2.34GB,2.455GB,1555748508,alg=0;job=1,0,1,0 76 52 40 89 86 98 51 32 70 25 95 8 35 71 79 81 22 10 47 23 2 73 44 15 82 36 91 49 66 88 38 64 9 17 92 63 84 30 16 87 99 11 5 96 14 12 93 54 39 1 68 37 85 33 61 55 31 50 28 45 13 67 56 24 59 19 3 0 
2019-04-19_02:02:54,0,Instance/CapEuclideo.100.50.8.4.tpp,1,0.00438688,9616,9574,78,74,719.83,79,2.34GB,2.455GB,1555749510,alg=0;job=1,0,1,0 80 78 60 97 4 50 22 17 1 43 20 58 69 30 12 76 5 52 27 6 33 36 15 28 31 56 65 94 34 63 7 92 14 57 46 68 19 26 84 45 11 13 87 59 2 86 74 3 21 39 96 91 95 85 61 64 51 16 32 49 72 99 10 71 89 47 37 35 55 8 62 24 48 9 44 18 75 0 
2019-04-19_02:06:25,0,Instance/CapEuclideo.100.50.8.5.tpp,1,0.0365896,9009,8691,71,69,709.508,57,2.34GB,2.455GB,1555750512,alg=0;job=1,0,1,0 31 67 85 93 75 37 65 94 21 64 91 58 33 90 34 52 3 99 40 1 72 46 32 43 29 80 9 73 22 69 17 87 53 95 48 42 14 88 8 50 19 89 74 7 51 35 63 79 59 5 97 45 60 68 62 15 96 6 76 44 30 82 83 54 86 27 39 81 2 49 0 
2019-04-19_02:08:50,0,Instance/CapEuclideo.100.50.9.1.tpp,1,0.0878894,5273,4847,47,46,683.61,166,2.34GB,2.455GB,1555751514,alg=0;job=1,0,1,0 96 36 37 89 27 72 34 18 51 62 47 12 60 9 21 75 8 38 67 2 74 32 16 14 55 78 59 85 91 86 10 20 7 50 83 82 29 56 22 31 79 40 58 70 64 52 0 
2019-04-19_02:14:54,0,Instance/CapEuclideo.100.50.9.3.tpp,0,-0.00388039,4364,4381,40,43,642.102,110,2.34GB,2.455GB,1555753518,alg=0;job=1,0,1,0 76 52 40 89 86 98 51 32 70 47 48 44 15 82 36 91 66 38 64 9 88 30 16 78 54 1 68 14 96 5 90 61 97 85 55 43 67 56 24 0 
2019-04-19_02:14:53,0,Instance/CapEuclideo.100.50.9.2.tpp,1,0.0631421,4967,4672,44,35,653.42,441,2.34GB,2.455GB,1555752516,alg=0;job=1,0,1,0 25 41 84 37 2 14 42 46 57 40 6 75 99 88 4 52 78 55 62 36 74 16 82 60 65 44 54 47 96 35 12 76 80 7 68 63 32 81 34 67 94 26 28 0 
2019-04-19_02:18:14,0,Instance/CapEuclideo.100.50.9.4.tpp,1,0.0604717,5261,4961,48,41,669.867,444,2.34GB,2.455GB,1555754520,alg=0;job=1,0,1,0 44 18 48 24 93 62 8 55 37 47 89 71 10 99 72 49 32 16 64 85 61 84 26 68 19 45 11 13 87 59 2 38 66 54 94 65 27 6 30 12 58 20 98 97 60 78 80 0 
2019-04-19_02:20:14,0,Instance/CapEuclideo.100.50.9.5.tpp,0,0.0243108,4719,4607,40,37,659.976,888,2.34GB,2.455GB,1555755522,alg=0;job=1,0,1,0 77 54 47 62 68 96 6 76 44 30 82 25 63 51 7 74 50 19 14 42 48 36 1 40 72 80 43 32 46 52 78 58 91 64 20 93 85 67 31 0 
2019-04-19_02:25:36,0,Instance/CapEuclideo.100.50.95.1.tpp,1,0.0270471,2772,2699,31,30,658.096,178,2.34GB,2.455GB,1555756524,alg=0;job=1,0,1,0 15 92 90 76 36 37 89 27 18 34 72 4 85 59 78 14 55 84 61 43 20 7 82 29 56 22 79 70 64 52 0 
2019-04-19_02:25:47,0,Instance/CapEuclideo.100.50.95.2.tpp,0,0.0536313,2829,2685,22,25,655.711,381,2.34GB,2.455GB,1555757526,alg=0;job=1,0,1,0 28 94 56 78 52 55 4 88 99 75 6 40 57 46 42 14 2 37 87 73 18 0 
2019-04-19_02:29:24,0,Instance/CapEuclideo.100.50.95.3.tpp,0,-0.00604002,2633,2649,25,22,648.275,361,2.34GB,2.455GB,1555758528,alg=0;job=1,0,1,0 76 81 99 29 66 38 64 9 88 30 16 78 12 14 96 5 90 33 97 85 61 43 67 56 0 
2019-04-19_02:31:15,0,Instance/CapEuclideo.100.50.95.4.tpp,0,0.132335,3705,3272,34,25,672.674,742,2.34GB,2.455GB,1555759529,alg=0;job=1,0,1,0 4 40 43 1 5 27 65 41 7 63 19 68 84 95 91 85 61 23 32 49 72 99 10 71 89 47 37 35 93 24 48 18 44 0 
2019-04-19_02:36:43,0,Instance/CapEuclideo.100.50.99.1.tpp,0,-0.143184,1125,1313,8,13,614.058,136,2.34GB,2.455GB,1555761533,alg=0;job=1,0,1,0 27 51 62 77 37 36 96 0 
2019-04-19_02:36:35,0,Instance/CapEuclideo.100.50.95.5.tpp,1,0.148247,3439,2995,28,23,633.598,2272,2.34GB,2.455GB,1555760531,alg=0;job=1,0,1,0 31 67 92 18 84 98 41 56 99 46 32 43 80 1 51 79 25 30 44 76 15 96 68 62 83 54 77 0 
2019-04-19_02:40:13,0,Instance/CapEuclideo.100.50.99.2.tpp,0,-0.340892,901,1367,6,14,623.235,134,2.34GB,2.455GB,1555762535,alg=0;job=1,0,1,0 11 25 41 84 28 0 
2019-04-19_02:42:27,0,Instance/CapEuclideo.100.50.99.3.tpp,0,-0.0663176,1070,1146,9,10,640.69,14,2.34GB,2.455GB,1555763537,alg=0;job=1,0,1,0 8 90 33 61 55 13 56 24 0 
2019-04-19_02:47:08,0,Instance/CapEuclideo.100.50.99.5.tpp,0,0.060339,1564,1475,11,10,634.175,52,2.34GB,2.496GB,1555765541,alg=0;job=1,0,1,0 31 67 92 84 30 44 76 83 54 77 0 
2019-04-19_02:46:57,0,Instance/CapEuclideo.100.50.99.4.tpp,0,-0.399639,1331,2217,7,16,667.2,154,2.34GB,2.496GB,1555764539,alg=0;job=1,0,1,0 50 40 43 1 17 83 0 
2019-04-19_02:50:36,0,Instance/CapEuclideo.100.100.1.1.tpp,1,0,168075,168075,100,100,644.065,28,2.724GB,2.863GB,1555766543,alg=0;job=1,0,1,0 52 64 70 79 31 99 40 58 98 13 66 95 15 92 90 35 17 11 94 37 36 63 76 97 96 89 27 18 72 34 3 53 68 21 9 24 60 51 62 77 46 30 47 12 39 33 65 73 1 67 38 8 75 2 41 44 48 88 28 54 87 26 57 93 80 19 74 32 16 5 25 6 84 61 43 50 83 49 23 81 45 82 29 56 22 10 7 20 71 55 14 78 59 91 86 85 4 69 42 0 
2019-04-19_02:53:08,0,Instance/CapEuclideo.100.100.1.2.tpp,1,0,164651,164651,100,100,641.883,16,2.724GB,2.863GB,1555767545,alg=0;job=1,0,1,0 28 94 26 10 42 14 2 37 84 41 25 69 11 18 64 8 86 38 83 58 73 87 89 45 43 15 46 57 91 40 21 6 88 99 75 85 61 72 27 19 56 78 52 4 62 55 17 36 39 74 33 16 82 60 20 65 95 59 92 70 29 97 44 54 47 96 50 3 35 12 76 80 66 13 68 7 22 23 1 71 24 98 63 32 49 51 9 81 30 34 67 48 5 93 79 77 90 53 31 0 
2019-04-19_02:57:42,0,Instance/CapEuclideo.100.100.1.3.tpp,1,0,160410,160410,100,100,646.71,15,2.724GB,2.863GB,1555768547,alg=0;job=1,0,1,0 3 20 19 59 24 56 67 13 43 55 31 50 28 45 60 53 41 94 72 18 4 42 37 85 97 61 33 90 5 11 96 14 12 57 93 68 69 1 39 54 65 62 80 78 21 7 83 46 84 30 16 87 99 29 49 91 66 88 38 64 9 17 92 63 27 74 34 2 73 44 15 36 82 48 58 23 47 10 22 81 79 71 35 8 95 25 70 32 51 86 98 6 77 75 26 89 40 52 76 0 
2019-04-19_02:58:04,0,Instance/CapEuclideo.100.100.1.4.tpp,1,0,181984,181984,100,100,628.273,14,2.724GB,2.863GB,1555769549,alg=0;job=1,0,1,0 83 50 4 40 43 1 17 22 86 2 59 87 13 29 74 3 21 39 96 67 77 88 90 75 18 44 9 48 24 93 62 8 55 35 37 47 89 53 71 10 99 72 49 32 79 23 16 51 64 61 85 91 95 82 11 45 84 81 26 19 68 46 57 14 92 7 63 34 41 42 70 25 36 15 28 31 56 33 6 27 65 94 54 66 38 52 5 76 12 30 69 73 58 20 98 97 60 78 80 0 
2019-04-19_03:01:20,0,Instance/CapEuclideo.100.100.1.5.tpp,1,0,160015,160015,100,100,629.293,10,2.724GB,2.863GB,1555770551,alg=0;job=1,0,1,0 49 55 2 81 39 27 86 11 47 62 68 96 15 6 60 26 57 97 45 16 44 76 83 54 82 30 25 63 35 79 51 7 74 59 5 71 8 88 61 95 69 17 53 87 10 22 48 42 14 19 50 89 36 73 9 1 40 72 80 29 43 32 46 24 3 52 34 90 33 58 91 70 12 28 64 21 20 94 65 78 4 23 99 66 38 13 56 41 98 84 18 77 92 37 75 93 85 67 31 0 
2019-04-19_03:03:50,0,Instance/CapEuclideo.100.100.5.1.tpp,1,0,54900,54900,100,100,642.201,30,2.724GB,2.863GB,1555771553,alg=0;job=1,0,1,0 52 64 70 79 31 99 40 58 98 13 66 95 15 92 90 35 17 11 94 37 36 63 76 97 96 89 27 18 72 34 3 53 68 21 9 24 60 51 62 77 46 30 47 12 39 33 65 73 1 67 38 8 75 2 41 44 48 88 28 54 87 26 57 93 80 19 74 32 16 5 25 6 84 61 43 50 83 49 23 81 45 82 29 56 22 10 7 20 71 55 14 78 59 91 86 85 4 69 42 0 
2019-04-19_03:08:29,0,Instance/CapEuclideo.100.100.5.2.tpp,1,0,53279,53279,100,100,636.513,14,2.724GB,2.863GB,1555772555,alg=0;job=1,0,1,0 28 94 26 10 42 14 2 37 84 41 25 69 11 18 64 8 86 38 83 58 73 87 89 45 43 15 46 57 91 40 21 6 88 99 75 85 61 72 27 19 56 78 52 4 62 55 17 36 39 74 33 16 82 60 20 65 95 59 92 70 29 97 44 54 47 96 50 3 35 12 76 80 66 13 68 7 22 23 1 71 24 98 63 32 49 51 9 81 30 34 67 48 5 93 79 77 90 53 31 0 
2019-04-19_03:08:32,0,Instance/CapEuclideo.100.100.5.3.tpp,1,0,51671,51671,100,100,640.529,18,2.724GB,2.863GB,1555773557,alg=0;job=1,0,1,0 3 20 19 59 24 56 67 13 43 55 31 50 28 45 60 53 41 94 72 18 4 42 37 85 97 61 33 90 5 11 96 14 12 57 93 68 69 1 39 54 65 62 80 78 21 7 83 46 84 30 16 87 99 29 49 91 66 88 38 64 9 17 92 63 27 74 34 2 73 44 15 36 82 48 58 23 47 10 22 81 79 71 35 8 95 25 70 32 51 86 98 6 77 75 26 89 40 52 76 0 
2019-04-19_03:11:49,0,Instance/CapEuclideo.100.100.5.4.tpp,1,0,58641,58641,100,100,624.481,16,2.724GB,2.863GB,1555774559,alg=0;job=1,0,1,0 83 50 4 40 43 1 17 22 86 2 59 87 13 29 74 3 21 39 96 67 77 88 90 75 18 44 9 48 24 93 62 8 55 35 37 47 89 53 71 10 99 72 49 32 79 23 16 51 64 61 85 91 95 82 11 45 84 81 26 19 68 46 57 14 92 7 63 34 41 42 70 25 36 15 28 31 56 33 6 27 65 94 54 66 38 52 5 76 12 30 69 73 58 20 98 97 60 78 80 0 
2019-04-19_03:14:33,0,Instance/CapEuclideo.100.100.5.5.tpp,1,0,50902,50902,100,100,617.129,9,2.724GB,2.863GB,1555775561,alg=0;job=1,0,1,0 49 55 2 81 39 27 86 11 47 62 68 96 15 6 60 26 57 97 45 16 44 76 83 54 82 30 25 63 35 79 51 7 74 59 5 71 8 88 61 95 69 17 53 87 10 22 48 42 14 19 50 89 36 73 9 1 40 72 80 29 43 32 46 24 3 52 34 90 33 58 91 70 12 28 64 21 20 94 65 78 4 23 99 66 38 13 56 41 98 84 18 77 92 37 75 93 85 67 31 0 
2019-04-19_03:19:06,0,Instance/CapEuclideo.100.100.7.1.tpp,1,0.00124731,23279,23250,86,85,681.907,27,2.724GB,2.863GB,1555776563,alg=0;job=1,0,1,0 42 52 64 70 58 40 99 31 22 56 29 45 81 23 49 50 83 82 10 20 43 61 84 6 25 5 16 14 78 91 86 85 69 4 32 74 93 57 26 80 19 88 28 48 44 41 2 8 38 67 1 73 65 33 12 60 24 9 21 68 53 3 34 72 18 27 89 51 62 77 30 46 94 36 37 96 97 76 63 90 92 15 95 66 13 0 
2019-04-19_03:19:13,0,Instance/CapEuclideo.100.100.7.2.tpp,1,0,21961,21961,88,88,707.492,42,2.724GB,2.863GB,1555777565,alg=0;job=1,0,1,0 28 26 94 53 90 93 5 48 34 30 81 9 51 49 32 63 98 24 71 1 22 68 13 66 80 76 12 35 70 92 59 95 65 20 60 82 16 74 33 54 44 97 29 96 79 77 56 78 52 4 62 55 17 36 72 61 85 75 99 88 6 21 40 91 57 10 46 15 42 14 2 37 45 89 87 73 58 38 86 8 64 18 11 69 84 41 25 0 
2019-04-19_03:22:14,0,Instance/CapEuclideo.100.100.7.3.tpp,1,0.00362167,21615,21537,88,85,800.846,41,2.724GB,2.863GB,1555778567,alg=0;job=1,0,1,0 3 19 20 52 40 89 86 98 6 77 51 32 70 47 10 22 81 29 49 91 36 82 48 15 44 73 2 34 74 27 92 17 9 64 38 88 84 46 83 7 21 30 16 87 78 80 62 65 54 39 1 69 68 93 57 12 14 96 11 5 97 85 37 42 4 18 72 94 41 53 28 50 45 60 59 24 56 67 13 43 61 33 90 8 25 95 76 0 
2019-04-19_03:24:50,0,Instance/CapEuclideo.100.100.7.4.tpp,1,0,24555,24555,96,97,690.653,34,2.724GB,2.863GB,1555779569,alg=0;job=1,0,1,0 80 78 60 97 98 20 58 73 69 30 12 76 5 52 38 66 54 94 65 27 6 33 56 31 28 15 36 25 70 42 41 34 63 7 92 14 57 46 68 19 26 81 84 45 11 82 95 91 85 61 64 51 23 16 32 49 72 99 10 71 53 89 47 37 8 62 93 24 48 9 44 18 75 90 88 77 67 96 39 21 3 74 29 13 87 59 2 86 22 17 1 43 40 4 50 0 
2019-04-19_03:30:28,0,Instance/CapEuclideo.100.100.7.5.tpp,1,0,22067,22067,100,100,639.655,20,2.724GB,2.863GB,1555780571,alg=0;job=1,0,1,0 49 55 2 81 39 27 86 11 47 62 68 96 15 6 60 26 57 97 45 16 44 76 83 54 82 30 25 63 35 79 51 7 74 59 5 71 8 88 61 95 69 17 53 87 10 22 48 42 14 19 50 89 36 73 9 1 40 72 80 29 43 32 46 24 3 52 34 90 33 58 91 70 12 28 64 21 20 94 65 78 4 23 99 66 38 13 56 41 98 84 18 77 92 37 75 93 85 67 31 0 
2019-04-19_03:31:00,0,Instance/CapEuclideo.100.100.8.1.tpp,1,0.000585095,13681,13673,88,88,747.434,701,2.724GB,2.863GB,1555781573,alg=0;job=1,0,1,0 13 66 95 15 92 90 35 17 11 94 37 36 63 76 97 96 89 27 18 72 34 3 53 68 21 9 24 60 51 62 77 46 30 47 12 33 65 8 38 67 2 41 44 48 19 80 87 26 57 93 5 16 14 55 78 59 85 91 86 71 84 25 6 61 43 20 10 7 83 49 23 81 45 82 29 56 22 31 99 40 98 58 79 70 64 52 42 0 
2019-04-19_03:36:21,0,Instance/CapEuclideo.100.100.8.3.tpp,1,0.00980857,12766,12642,87,87,661.669,61,2.724GB,2.863GB,1555783577,alg=0;job=1,0,1,0 59 24 56 67 13 43 55 31 50 28 45 53 41 94 72 18 4 42 37 85 97 61 33 90 8 35 71 79 81 29 99 11 5 96 14 12 57 93 68 69 1 39 54 78 80 21 7 83 46 16 30 84 63 92 17 9 64 38 88 66 49 91 36 82 15 44 73 2 34 74 58 23 47 70 32 77 75 6 98 86 89 40 52 20 3 76 0 
2019-04-19_03:35:35,0,Instance/CapEuclideo.100.100.8.2.tpp,1,0,12877,12877,88,88,710.751,48,2.724GB,2.863GB,1555782575,alg=0;job=1,0,1,0 28 26 94 53 90 77 79 93 5 48 34 30 81 9 51 49 32 63 98 24 71 1 23 68 13 7 22 80 76 12 35 3 50 96 47 54 44 97 29 70 92 59 95 65 60 82 16 33 74 17 55 62 4 52 78 56 19 27 88 99 75 6 21 40 91 57 46 15 42 14 2 37 45 89 87 73 58 83 38 86 8 18 11 69 84 41 25 0 
2019-04-19_03:41:08,0,Instance/CapEuclideo.100.100.8.4.tpp,1,0,14087,14087,94,94,697.504,139,2.724GB,2.863GB,1555784578,alg=0;job=1,0,1,0 80 78 60 97 98 20 58 69 30 12 76 5 52 38 66 54 94 65 27 6 33 36 15 28 31 56 41 42 34 63 7 92 14 57 46 68 19 26 84 45 11 95 91 85 61 64 51 16 23 79 32 49 72 99 10 71 89 47 37 35 55 8 62 93 24 48 9 44 18 75 90 88 77 67 96 39 21 3 74 29 13 87 59 2 86 22 17 1 43 40 4 50 83 0 
2019-04-19_03:43:28,0,Instance/CapEuclideo.100.100.8.5.tpp,1,0.0207717,13121,12854,91,85,717.842,28,2.724GB,2.863GB,1555785580,alg=0;job=1,0,1,0 31 67 85 93 75 37 18 84 98 41 56 66 99 23 4 78 65 94 91 21 64 28 12 70 58 33 90 34 52 3 24 46 32 43 29 80 72 40 1 9 73 36 89 50 19 14 42 48 22 69 17 87 53 95 61 88 8 71 5 97 57 45 59 74 7 51 79 35 63 25 30 82 54 83 76 44 6 15 96 68 62 47 11 86 27 39 81 2 55 49 0 
2019-04-19_03:47:22,0,Instance/CapEuclideo.100.100.9.1.tpp,1,0.0224823,6640,6494,58,59,700.807,2545,2.724GB,2.863GB,1555786582,alg=0;job=1,0,1,0 42 52 64 70 79 40 31 22 56 29 82 45 81 23 49 83 50 7 20 43 61 71 86 91 85 59 78 55 14 16 5 57 93 80 19 41 2 75 38 8 12 60 24 9 21 68 53 3 34 72 18 27 51 62 37 36 96 0 
2019-04-19_03:47:26,0,Instance/CapEuclideo.100.100.9.2.tpp,0,0.0343529,6594,6375,63,60,716.778,585,2.724GB,2.863GB,1555787584,alg=0;job=1,0,1,0 18 11 69 89 87 73 83 38 86 8 64 9 51 49 63 98 24 71 1 23 68 13 7 80 76 12 35 70 92 59 65 82 16 33 54 47 96 79 90 56 78 52 55 62 27 88 99 75 6 21 40 91 57 46 15 42 14 2 37 84 41 25 0 
2019-04-19_03:52:45,0,Instance/CapEuclideo.100.100.9.3.tpp,1,0.0669635,6469,6063,60,52,718.631,442,2.724GB,2.863GB,1555788586,alg=0;job=1,0,1,0 67 56 24 59 45 28 50 55 43 61 37 85 97 33 90 11 96 14 12 93 68 1 39 54 78 87 16 30 88 38 64 9 17 92 27 74 34 73 44 15 82 36 49 29 99 81 71 35 8 25 70 32 51 98 86 89 40 52 3 0 
2019-04-19_03:55:26,0,Instance/CapEuclideo.100.100.9.4.tpp,1,0.0498324,7205,6863,68,62,819.901,214,2.724GB,2.863GB,1555789588,alg=0;job=1,0,1,0 80 78 60 97 98 4 40 43 58 69 30 12 76 5 52 6 33 36 15 28 31 56 65 94 54 2 59 87 13 29 3 21 39 96 85 91 95 82 11 45 84 19 68 26 81 61 64 51 16 32 49 72 99 10 71 89 47 55 8 62 24 48 44 18 75 90 83 0 
2019-04-19_03:59:23,0,Instance/CapEuclideo.100.100.95.1.tpp,0,0.0464983,3646,3484,32,34,640.38,1186,2.724GB,2.863GB,1555791592,alg=0;job=1,0,1,0 52 64 70 79 40 58 98 66 15 63 76 97 96 36 37 77 62 51 27 18 72 34 3 53 68 59 78 91 85 69 42 0 
2019-04-19_03:59:04,0,Instance/CapEuclideo.100.100.9.5.tpp,0,0.0805924,6932,6415,60,56,713.931,746,2.724GB,2.863GB,1555790590,alg=0;job=1,0,1,0 92 75 37 41 56 23 65 94 21 64 91 58 33 90 34 52 3 99 40 72 80 43 29 22 69 17 87 53 95 48 42 14 19 89 74 7 51 79 35 63 25 82 30 76 44 16 45 97 57 60 96 15 62 47 11 86 27 39 81 0 
2019-04-19_04:04:44,0,Instance/CapEuclideo.100.100.95.2.tpp,0,0.159458,4021,3468,39,31,659.851,642,2.724GB,2.863GB,1555792594,alg=0;job=1,0,1,0 11 18 8 64 51 49 32 48 5 93 79 77 78 52 4 27 88 99 75 6 21 40 91 57 46 15 42 14 2 37 45 89 87 73 69 41 25 28 0 
2019-04-19_04:09:06,0,Instance/CapEuclideo.100.100.95.3.tpp,1,0.075623,3755,3491,44,34,704.904,5519,2.724GB,2.863GB,1555793596,alg=0;job=1,0,1,0 67 56 24 59 60 53 41 94 31 37 85 97 33 5 11 96 14 12 57 87 16 30 88 9 64 38 66 29 99 79 81 22 10 47 70 32 51 98 86 89 40 52 3 0 
2019-04-19_04:10:03,0,Instance/CapEuclideo.100.100.95.4.tpp,1,0.0574745,3735,3532,37,28,690.132,476,2.724GB,2.863GB,1555794598,alg=0;job=1,0,1,0 80 78 60 4 40 43 58 69 30 12 76 5 52 27 36 15 28 31 56 94 66 2 59 74 3 21 39 96 67 77 88 8 62 75 18 44 0 
2019-04-19_04:10:58,0,Instance/CapEuclideo.100.100.95.5.tpp,1,0.0873225,4134,3802,32,33,644.913,1873,2.724GB,2.863GB,1555795600,alg=0;job=1,0,1,0 18 84 82 30 44 76 62 68 96 6 16 7 74 50 8 88 14 42 48 22 9 72 3 52 58 94 65 37 75 85 31 0 
2019-04-19_04:15:45,0,Instance/CapEuclideo.100.100.99.1.tpp,0,-0.176088,1268,1539,14,15,620.811,118,2.724GB,2.863GB,1555796602,alg=0;job=1,0,1,0 27 18 34 72 4 85 59 78 91 86 70 64 52 0 
2019-04-19_04:20:51,0,Instance/CapEuclideo.100.100.99.2.tpp,1,0,1554,1554,15,15,618.943,233,2.724GB,2.863GB,1555797604,alg=0;job=1,0,1,0 84 37 2 14 42 15 46 10 4 52 78 56 94 28 0 
2019-04-19_04:21:33,0,Instance/CapEuclideo.100.100.99.3.tpp,0,0.194378,1997,1672,22,13,644.247,68,2.724GB,2.863GB,1555798606,alg=0;job=1,0,1,0 8 35 79 81 49 66 38 64 9 88 30 16 21 80 78 57 12 14 96 5 90 0 
2019-04-19_04:21:43,0,Instance/CapEuclideo.100.100.99.4.tpp,0,-0.0521218,2055,2168,13,20,638.824,361,2.724GB,2.863GB,1555799608,alg=0;job=1,0,1,0 44 18 75 62 88 86 38 1 43 40 50 83 0 
2019-04-19_04:26:05,0,Instance/CapEuclideo.100.100.99.5.tpp,0,-0.106934,2138,2394,16,21,698.629,348,2.724GB,2.863GB,1555800610,alg=0;job=1,0,1,0 77 54 83 15 96 6 16 79 51 35 63 98 92 85 67 0 
2019-04-19_04:31:10,0,Instance/CapEuclideo.100.150.1.1.tpp,1,0,254921,254921,100,100,659.541,28,3.513GB,3.672GB,1555801612,alg=0;job=1,0,1,0 52 64 70 79 31 99 40 58 98 13 66 95 15 92 90 35 17 11 94 37 36 63 76 97 96 89 27 18 72 34 3 53 68 21 9 24 60 51 62 77 46 30 47 12 39 33 65 73 1 67 38 8 75 2 41 44 48 88 28 54 87 26 57 93 80 19 74 32 16 5 25 6 84 61 43 50 83 49 23 81 45 82 29 56 22 10 7 20 71 55 14 78 59 91 86 85 4 69 42 0 
2019-04-19_04:32:18,0,Instance/CapEuclideo.100.150.1.2.tpp,1,0,249585,249585,100,100,622.076,22,3.513GB,3.672GB,1555802614,alg=0;job=1,0,1,0 28 94 26 10 42 14 2 37 84 41 25 69 11 18 64 8 86 38 83 58 73 87 89 45 43 15 46 57 91 40 21 6 88 99 75 85 61 72 27 19 56 78 52 4 62 55 17 36 39 74 33 16 82 60 20 65 95 59 92 70 29 97 44 54 47 96 50 3 35 12 76 80 66 13 68 7 22 23 1 71 24 98 63 32 49 51 9 81 30 34 67 48 5 93 79 77 90 53 31 0 
2019-04-19_04:32:21,0,Instance/CapEuclideo.100.150.1.3.tpp,1,0,247800,247800,100,100,619.079,19,3.513GB,3.672GB,1555803616,alg=0;job=1,0,1,0 3 20 19 59 24 56 67 13 43 55 31 50 28 45 60 53 41 94 72 18 4 42 37 85 97 61 33 90 5 11 96 14 12 57 93 68 69 1 39 54 65 62 80 78 21 7 83 46 84 30 16 87 99 29 49 91 66 88 38 64 9 17 92 63 27 74 34 2 73 44 15 36 82 48 58 23 47 10 22 81 79 71 35 8 95 25 70 32 51 86 98 6 77 75 26 89 40 52 76 0 
2019-04-19_04:37:45,0,Instance/CapEuclideo.100.150.1.4.tpp,1,0,261499,261499,100,100,632.525,17,3.513GB,3.672GB,1555804618,alg=0;job=1,0,1,0 83 50 4 40 43 1 17 22 86 2 59 87 13 29 74 3 21 39 96 67 77 88 90 75 18 44 9 48 24 93 62 8 55 35 37 47 89 53 71 10 99 72 49 32 79 23 16 51 64 61 85 91 95 82 11 45 84 81 26 19 68 46 57 14 92 7 63 34 41 42 70 25 36 15 28 31 56 33 6 27 65 94 54 66 38 52 5 76 12 30 69 73 58 20 98 97 60 78 80 0 
2019-04-19_04:42:10,0,Instance/CapEuclideo.100.150.1.5.tpp,1,0,238058,238058,100,100,625.596,12,3.513GB,3.672GB,1555805620,alg=0;job=1,0,1,0 49 55 2 81 39 27 86 11 47 62 68 96 15 6 60 26 57 97 45 16 44 76 83 54 82 30 25 63 35 79 51 7 74 59 5 71 8 88 61 95 69 17 53 87 10 22 48 42 14 19 50 89 36 73 9 1 40 72 80 29 43 32 46 24 3 52 34 90 33 58 91 70 12 28 64 21 20 94 65 78 4 23 99 66 38 13 56 41 98 84 18 77 92 37 75 93 85 67 31 0 
2019-04-19_04:42:41,0,Instance/CapEuclideo.100.150.5.2.tpp,1,0,78721,78721,100,100,640.909,21,3.513GB,3.672GB,1555807624,alg=0;job=1,0,1,0 28 94 26 10 42 14 2 37 84 41 25 69 11 18 64 8 86 38 83 58 73 87 89 45 43 15 46 57 91 40 21 6 88 99 75 85 61 72 27 19 56 78 52 4 62 55 17 36 39 74 33 16 82 60 20 65 95 59 92 70 29 97 44 54 47 96 50 3 35 12 76 80 66 13 68 7 22 23 1 71 24 98 63 32 49 51 9 81 30 34 67 48 5 93 79 77 90 53 31 0 
2019-04-19_04:42:40,0,Instance/CapEuclideo.100.150.5.1.tpp,1,0,80460,80460,100,100,650.029,30,3.513GB,3.672GB,1555806622,alg=0;job=1,0,1,0 52 64 70 79 31 99 40 58 98 13 66 95 15 92 90 35 17 11 94 37 36 63 76 97 96 89 27 18 72 34 3 53 68 21 9 24 60 51 62 77 46 30 47 12 39 33 65 73 1 67 38 8 75 2 41 44 48 88 28 54 87 26 57 93 80 19 74 32 16 5 25 6 84 61 43 50 83 49 23 81 45 82 29 56 22 10 7 20 71 55 14 78 59 91 86 85 4 69 42 0 
2019-04-19_04:48:18,0,Instance/CapEuclideo.100.150.5.3.tpp,1,0,77133,77133,100,100,630.077,21,3.513GB,3.672GB,1555808626,alg=0;job=1,0,1,0 3 20 19 59 24 56 67 13 43 55 31 50 28 45 60 53 41 94 72 18 4 42 37 85 97 61 33 90 5 11 96 14 12 57 93 68 69 1 39 54 65 62 80 78 21 7 83 46 84 30 16 87 99 29 49 91 66 88 38 64 9 17 92 63 27 74 34 2 73 44 15 36 82 48 58 23 47 10 22 81 79 71 35 8 95 25 70 32 51 86 98 6 77 75 26 89 40 52 76 0 
2019-04-19_04:52:35,0,Instance/CapEuclideo.100.150.5.4.tpp,1,0,81415,81415,95,95,642.431,34,3.513GB,3.672GB,1555809627,alg=0;job=1,0,1,0 80 78 60 97 98 20 58 73 69 30 12 76 6 33 27 52 66 54 94 65 56 31 28 15 36 25 70 42 41 34 63 7 92 14 57 46 68 19 26 84 45 11 82 95 91 85 61 64 51 23 79 32 49 72 99 10 71 53 89 37 35 55 8 62 93 24 48 9 44 18 75 90 88 77 67 96 39 21 3 74 29 13 87 59 2 38 22 17 1 43 40 4 50 83 0 
2019-04-19_04:53:22,0,Instance/CapEuclideo.100.150.5.5.tpp,1,0,73903,73903,94,94,627.309,18,3.513GB,3.672GB,1555810629,alg=0;job=1,0,1,0 49 55 2 39 27 86 11 62 68 96 15 6 60 26 57 97 45 16 44 76 83 82 30 25 63 35 79 51 7 74 59 71 8 88 61 95 53 87 17 69 22 48 42 14 50 89 36 73 9 1 40 72 80 29 43 32 46 24 3 52 34 90 33 58 91 70 12 28 64 21 20 94 65 78 4 23 99 66 38 13 56 41 98 84 18 77 92 37 75 93 85 67 31 0 
2019-04-19_04:53:30,0,Instance/CapEuclideo.100.150.7.1.tpp,1,0,31977,31977,99,99,632.646,84,3.513GB,3.672GB,1555811631,alg=0;job=1,0,1,0 52 64 70 79 31 99 40 58 98 13 66 95 15 92 90 35 17 11 94 37 36 63 76 97 96 89 27 18 72 34 3 53 68 21 9 24 60 51 62 77 46 30 47 12 39 33 65 73 1 67 38 8 75 2 41 44 48 88 28 87 26 57 93 80 19 74 32 16 5 25 6 84 61 43 50 83 49 23 81 45 82 29 56 22 10 7 20 71 55 14 78 59 91 86 85 4 69 42 0 
2019-04-19_04:58:48,0,Instance/CapEuclideo.100.150.7.2.tpp,1,0,31133,31133,100,100,641.251,19,3.513GB,3.672GB,1555812633,alg=0;job=1,0,1,0 28 94 26 10 42 14 2 37 84 41 25 69 11 18 64 8 86 38 83 58 73 87 89 45 43 15 46 57 91 40 21 6 88 99 75 85 61 72 27 19 56 78 52 4 62 55 17 36 39 74 33 16 82 60 20 65 95 59 92 70 29 97 44 54 47 96 50 3 35 12 76 80 66 13 68 7 22 23 1 71 24 98 63 32 49 51 9 81 30 34 67 48 5 93 79 77 90 53 31 0 
2019-04-19_05:03:18,0,Instance/CapEuclideo.100.150.7.3.tpp,1,0,30574,30574,100,100,641.206,25,3.513GB,3.672GB,1555813635,alg=0;job=1,0,1,0 3 20 19 59 24 56 67 13 43 55 31 50 28 45 60 53 41 94 72 18 4 42 37 85 97 61 33 90 5 11 96 14 12 57 93 68 69 1 39 54 65 62 80 78 21 7 83 46 84 30 16 87 99 29 49 91 66 88 38 64 9 17 92 63 27 74 34 2 73 44 15 36 82 48 58 23 47 10 22 81 79 71 35 8 95 25 70 32 51 86 98 6 77 75 26 89 40 52 76 0 
2019-04-19_05:03:49,0,Instance/CapEuclideo.100.150.7.4.tpp,1,0,32307,32307,100,100,625.473,21,3.513GB,3.672GB,1555814637,alg=0;job=1,0,1,0 83 50 4 40 43 1 17 22 86 2 59 87 13 29 74 3 21 39 96 67 77 88 90 75 18 44 9 48 24 93 62 8 55 35 37 47 89 53 71 10 99 72 49 32 79 23 16 51 64 61 85 91 95 82 11 45 84 81 26 19 68 46 57 14 92 7 63 34 41 42 70 25 36 15 28 31 56 33 6 27 65 94 54 66 38 52 5 76 12 30 69 73 58 20 98 97 60 78 80 0 
2019-04-19_05:04:03,0,Instance/CapEuclideo.100.150.7.5.tpp,1,0,29984,29984,100,100,632.276,12,3.513GB,3.672GB,1555815639,alg=0;job=1,0,1,0 49 55 2 81 39 27 86 11 47 62 68 96 15 6 60 26 57 97 45 16 44 76 83 54 82 30 25 63 35 79 51 7 74 59 5 71 8 88 61 95 69 17 53 87 10 22 48 42 14 19 50 89 36 73 9 1 40 72 80 29 43 32 46 24 3 52 34 90 33 58 91 70 12 28 64 21 20 94 65 78 4 23 99 66 38 13 56 41 98 84 18 77 92 37 75 93 85 67 31 0 
2019-04-19_05:09:30,0,Instance/CapEuclideo.100.150.8.1.tpp,1,0,17320,17320,95,95,689.263,96,3.513GB,3.672GB,1555816641,alg=0;job=1,0,1,0 42 69 4 85 86 91 59 78 14 55 71 20 7 10 22 56 29 82 45 81 23 49 83 50 43 61 84 6 25 5 16 32 74 93 57 26 87 80 19 41 2 75 8 38 67 1 73 65 33 39 12 47 30 46 77 62 51 60 24 9 21 68 53 3 34 72 18 27 89 96 97 76 63 36 37 94 11 17 35 90 92 15 95 66 13 98 58 40 99 31 79 70 64 52 0 
2019-04-19_05:13:59,0,Instance/CapEuclideo.100.150.8.2.tpp,1,0.00030303,16505,16500,93,93,631.672,23,3.513GB,3.672GB,1555817643,alg=0;job=1,0,1,0 25 41 84 69 11 18 8 86 38 83 58 73 87 89 45 37 2 14 42 15 46 43 57 91 40 21 6 85 75 99 88 27 19 4 62 36 39 17 55 52 78 56 90 93 79 77 96 47 54 44 33 74 16 82 60 65 95 59 92 70 29 50 3 35 12 76 80 66 13 68 7 22 23 1 71 24 98 63 32 49 51 9 81 30 34 48 5 67 31 94 26 28 0 
2019-04-19_05:14:35,0,Instance/CapEuclideo.100.150.8.4.tpp,1,0,17202,17202,97,97,646.168,21,3.513GB,3.672GB,1555819647,alg=0;job=1,0,1,0 80 78 60 97 98 20 58 73 69 30 12 76 5 52 38 66 54 94 65 27 6 33 56 31 28 15 36 25 42 41 34 63 7 92 14 57 46 68 19 26 84 45 11 82 95 91 85 64 51 16 23 79 32 49 72 99 10 71 53 89 47 37 35 55 8 62 93 24 48 9 44 18 75 90 88 77 67 96 39 21 3 74 29 13 87 59 2 86 22 17 1 43 40 4 50 83 0 
2019-04-19_05:14:15,0,Instance/CapEuclideo.100.150.8.3.tpp,1,0,16387,16387,93,93,675.785,44,3.513GB,3.672GB,1555818645,alg=0;job=1,0,1,0 3 19 59 24 56 67 13 43 55 31 50 28 45 60 53 41 94 72 18 4 42 37 85 97 61 33 90 5 11 96 14 12 57 93 68 1 39 54 78 80 62 83 7 21 30 16 87 99 29 49 91 66 88 38 64 9 17 92 63 27 74 34 2 73 44 15 36 82 48 23 47 10 22 81 79 71 35 8 95 25 70 32 51 86 98 6 75 26 89 40 52 76 0 
2019-04-19_05:20:59,0,Instance/CapEuclideo.100.150.8.5.tpp,1,0.00346336,16515,16458,95,90,732.545,24,3.513GB,3.672GB,1555820649,alg=0;job=1,0,1,0 31 67 85 93 75 37 92 18 84 98 41 56 13 66 99 23 4 78 65 94 21 64 28 91 58 33 90 34 52 3 24 46 32 43 29 80 72 40 1 9 73 36 89 50 19 14 42 48 22 10 87 53 17 69 95 61 88 8 71 5 59 74 7 51 79 35 63 25 30 82 54 83 76 44 16 45 97 57 26 60 6 15 96 68 62 47 11 86 27 39 81 2 55 49 0 
2019-04-19_05:24:31,0,Instance/CapEuclideo.100.150.9.1.tpp,1,0.018891,7497,7358,69,65,720.415,794,3.513GB,3.672GB,1555821651,alg=0;job=1,0,1,0 13 66 95 15 92 90 63 76 97 96 36 37 89 27 18 51 62 77 46 30 47 12 60 24 8 38 75 9 21 68 3 34 72 4 85 86 91 78 55 14 32 74 93 26 57 5 25 6 84 61 43 20 10 7 50 83 82 29 56 22 31 99 40 58 70 64 52 42 0 
2019-04-19_05:25:31,0,Instance/CapEuclideo.100.150.9.3.tpp,1,0.0231255,7123,6962,63,60,685.16,170,3.513GB,3.672GB,1555823655,alg=0;job=1,0,1,0 24 56 67 43 55 50 28 18 4 42 37 85 97 5 11 96 14 12 93 68 1 39 54 78 80 21 7 83 46 84 16 30 88 38 64 9 92 17 15 44 73 2 48 82 36 91 66 29 99 81 22 10 70 32 51 98 86 89 40 20 3 76 0 
2019-04-19_05:25:21,0,Instance/CapEuclideo.100.150.9.2.tpp,1,0.0186598,7479,7342,62,59,781.602,5032,3.513GB,3.672GB,1555822653,alg=0;job=1,0,1,0 28 94 26 10 91 40 6 88 99 75 85 72 62 55 52 78 56 90 93 79 96 47 54 74 16 82 60 20 65 95 44 97 29 35 12 76 80 7 68 13 32 81 30 64 8 86 38 83 73 87 89 37 2 46 15 42 14 84 25 11 18 0 
2019-04-19_05:33:11,0,Instance/CapEuclideo.100.150.9.4.tpp,1,0.0204774,8123,7960,80,70,754.779,1137,3.513GB,3.672GB,1555824657,alg=0;job=1,0,1,0 44 18 9 48 24 93 35 37 47 89 71 10 99 72 49 32 16 23 51 64 61 85 91 39 96 67 77 21 3 74 86 2 59 87 13 82 11 45 84 26 68 46 57 14 92 63 7 42 41 56 31 28 15 36 33 6 27 65 94 54 66 38 17 40 43 1 52 5 76 12 30 69 58 20 98 97 60 78 80 0 
2019-04-19_05:36:56,0,Instance/CapEuclideo.100.150.95.1.tpp,0,0.0836339,4807,4436,46,41,697.913,18502,3.513GB,3.672GB,1555826661,alg=0;job=1,0,1,0 52 64 70 79 31 23 81 49 45 29 56 10 20 43 61 71 55 14 32 74 80 19 41 67 38 8 33 12 60 9 21 68 53 3 34 72 18 51 62 89 37 36 63 76 97 0 
2019-04-19_05:36:31,0,Instance/CapEuclideo.100.150.9.5.tpp,1,0.0175122,7902,7766,70,67,744.491,1126,3.513GB,3.672GB,1555825659,alg=0;job=1,0,1,0 31 67 85 93 75 37 18 84 98 41 56 23 4 78 65 94 21 64 91 58 33 52 3 46 72 40 1 9 73 22 69 17 87 53 95 48 42 14 19 50 74 7 51 79 35 63 25 82 30 76 44 16 45 97 57 60 96 15 68 62 47 11 86 27 39 81 2 55 49 0 
2019-04-19_05:38:23,0,Instance/CapEuclideo.100.150.95.2.tpp,0,0.136085,5009,4409,51,44,671.131,10831,3.513GB,3.672GB,1555827663,alg=0;job=1,0,1,0 30 81 49 63 13 7 80 76 12 35 92 59 95 65 60 82 44 47 96 77 79 93 90 56 78 52 55 62 27 88 99 75 6 40 91 57 46 15 42 14 2 37 89 87 73 18 11 69 41 25 0 
2019-04-19_05:45:46,0,Instance/CapEuclideo.100.150.95.3.tpp,1,0.0267945,4177,4068,44,43,636.746,18174,3.513GB,3.672GB,1555828665,alg=0;job=1,0,1,0 24 56 67 13 43 61 37 85 97 14 12 57 93 1 39 54 62 80 21 7 84 9 64 38 88 66 91 49 81 79 71 35 8 25 32 51 98 86 89 40 52 76 3 0 
2019-04-19_05:48:34,0,Instance/CapEuclideo.100.150.95.4.tpp,0,0.0293994,4902,4762,48,47,667.141,18340,3.513GB,3.672GB,1555829667,alg=0;job=1,0,1,0 44 18 75 48 24 93 35 37 47 89 71 10 99 72 49 32 16 23 61 85 91 95 82 11 45 84 26 68 19 63 7 42 41 56 31 28 15 33 6 30 12 69 58 20 43 40 50 0 
2019-04-19_05:49:34,0,Instance/CapEuclideo.100.150.99.1.tpp,0,-0.0065723,1965,1978,18,19,611.842,472,3.513GB,3.672GB,1555831671,alg=0;job=1,0,1,0 89 27 18 72 34 3 53 9 21 68 59 78 91 42 52 66 13 0 
2019-04-19_05:48:56,0,Instance/CapEuclideo.100.150.95.5.tpp,1,0.111516,5183,4663,47,43,723.066,18108,3.513GB,3.672GB,1555830669,alg=0;job=1,0,1,0 18 84 37 75 65 94 21 64 91 58 33 52 3 46 80 9 22 69 17 87 53 95 48 42 14 19 89 74 7 51 79 25 82 30 44 6 96 68 62 83 54 86 27 39 81 49 0 
2019-04-19_05:56:23,0,Instance/CapEuclideo.100.150.99.2.tpp,0,-0.0230561,2161,2212,19,19,621.024,1791,3.513GB,3.672GB,1555832673,alg=0;job=1,0,1,0 42 15 43 57 91 40 6 75 99 88 27 4 52 78 77 79 93 31 0 
2019-04-19_05:59:46,0,Instance/CapEuclideo.100.150.99.4.tpp,0,-0.000856164,2334,2336,18,19,617.694,246,3.513GB,3.672GB,1555834676,alg=0;job=1,0,1,0 44 18 48 24 93 62 88 38 52 5 76 12 30 69 58 40 4 0 
2019-04-19_05:59:41,0,Instance/CapEuclideo.100.150.99.3.tpp,0,0.0593779,2248,2122,25,24,631.194,589,3.513GB,3.672GB,1555833675,alg=0;job=1,0,1,0 8 35 71 79 81 49 66 38 64 9 84 7 80 78 54 39 93 14 11 5 33 61 43 67 0 
2019-04-19_06:00:59,0,Instance/CapEuclideo.100.150.99.5.tpp,0,-0.0214749,2415,2468,16,15,650.735,343,3.513GB,3.672GB,1555835678,alg=0;job=1,0,1,0 77 54 76 44 30 25 56 4 65 94 64 21 20 93 85 0 
2019-04-19_06:06:44,0,Instance/CapEuclideo.100.200.1.1.tpp,1,0,339322,339322,100,100,681.162,40,3.513GB,3.672GB,1555836680,alg=0;job=1,0,1,0 52 64 70 79 31 99 40 58 98 13 66 95 15 92 90 35 17 11 94 37 36 63 76 97 96 89 27 18 72 34 3 53 68 21 9 24 60 51 62 77 46 30 47 12 39 33 65 73 1 67 38 8 75 2 41 44 48 88 28 54 87 26 57 93 80 19 74 32 16 5 25 6 84 61 43 50 83 49 23 81 45 82 29 56 22 10 7 20 71 55 14 78 59 91 86 85 4 69 42 0 
2019-04-19_06:10:04,0,Instance/CapEuclideo.100.200.1.2.tpp,1,0,328970,328970,100,100,624.878,24,3.513GB,3.672GB,1555837682,alg=0;job=1,0,1,0 28 94 26 10 42 14 2 37 84 41 25 69 11 18 64 8 86 38 83 58 73 87 89 45 43 15 46 57 91 40 21 6 88 99 75 85 61 72 27 19 56 78 52 4 62 55 17 36 39 74 33 16 82 60 20 65 95 59 92 70 29 97 44 54 47 96 50 3 35 12 76 80 66 13 68 7 22 23 1 71 24 98 63 32 49 51 9 81 30 34 67 48 5 93 79 77 90 53 31 0 
2019-04-19_06:10:12,0,Instance/CapEuclideo.100.200.1.3.tpp,1,0,320623,320623,100,100,618.537,22,3.513GB,3.672GB,1555838684,alg=0;job=1,0,1,0 3 20 19 59 24 56 67 13 43 55 31 50 28 45 60 53 41 94 72 18 4 42 37 85 97 61 33 90 5 11 96 14 12 57 93 68 69 1 39 54 65 62 80 78 21 7 83 46 84 30 16 87 99 29 49 91 66 88 38 64 9 17 92 63 27 74 34 2 73 44 15 36 82 48 58 23 47 10 22 81 79 71 35 8 95 25 70 32 51 86 98 6 77 75 26 89 40 52 76 0 
2019-04-19_06:11:50,0,Instance/CapEuclideo.100.200.1.4.tpp,1,0,331657,331657,100,100,627.948,21,3.513GB,3.672GB,1555839686,alg=0;job=1,0,1,0 83 50 4 40 43 1 17 22 86 2 59 87 13 29 74 3 21 39 96 67 77 88 90 75 18 44 9 48 24 93 62 8 55 35 37 47 89 53 71 10 99 72 49 32 79 23 16 51 64 61 85 91 95 82 11 45 84 81 26 19 68 46 57 14 92 7 63 34 41 42 70 25 36 15 28 31 56 33 6 27 65 94 54 66 38 52 5 76 12 30 69 73 58 20 98 97 60 78 80 0 
2019-04-19_06:18:05,0,Instance/CapEuclideo.100.200.1.5.tpp,1,0,311129,311129,100,100,617.223,15,3.513GB,3.672GB,1555840688,alg=0;job=1,0,1,0 49 55 2 81 39 27 86 11 47 62 68 96 15 6 60 26 57 97 45 16 44 76 83 54 82 30 25 63 35 79 51 7 74 59 5 71 8 88 61 95 69 17 53 87 10 22 48 42 14 19 50 89 36 73 9 1 40 72 80 29 43 32 46 24 3 52 34 90 33 58 91 70 12 28 64 21 20 94 65 78 4 23 99 66 38 13 56 41 98 84 18 77 92 37 75 93 85 67 31 0 
2019-04-19_06:20:29,0,Instance/CapEuclideo.100.200.5.1.tpp,1,0,105300,105300,100,100,655.408,36,3.513GB,3.672GB,1555841690,alg=0;job=1,0,1,0 52 64 70 79 31 99 40 58 98 13 66 95 15 92 90 35 17 11 94 37 36 63 76 97 96 89 27 18 72 34 3 53 68 21 9 24 60 51 62 77 46 30 47 12 39 33 65 73 1 67 38 8 75 2 41 44 48 88 28 54 87 26 57 93 80 19 74 32 16 5 25 6 84 61 43 50 83 49 23 81 45 82 29 56 22 10 7 20 71 55 14 78 59 91 86 85 4 69 42 0 
2019-04-19_06:20:31,0,Instance/CapEuclideo.100.200.5.2.tpp,1,0,101942,101942,100,100,656.504,19,3.513GB,3.672GB,1555842692,alg=0;job=1,0,1,0 28 94 26 10 42 14 2 37 84 41 25 69 11 18 64 8 86 38 83 58 73 87 89 45 43 15 46 57 91 40 21 6 88 99 75 85 61 72 27 19 56 78 52 4 62 55 17 36 39 74 33 16 82 60 20 65 95 59 92 70 29 97 44 54 47 96 50 3 35 12 76 80 66 13 68 7 22 23 1 71 24 98 63 32 49 51 9 81 30 34 67 48 5 93 79 77 90 53 31 0 
2019-04-19_06:22:18,0,Instance/CapEuclideo.100.200.5.3.tpp,1,0,97956,97956,100,100,641.151,22,3.513GB,3.672GB,1555843694,alg=0;job=1,0,1,0 3 20 19 59 24 56 67 13 43 55 31 50 28 45 60 53 41 94 72 18 4 42 37 85 97 61 33 90 5 11 96 14 12 57 93 68 69 1 39 54 65 62 80 78 21 7 83 46 84 30 16 87 99 29 49 91 66 88 38 64 9 17 92 63 27 74 34 2 73 44 15 36 82 48 58 23 47 10 22 81 79 71 35 8 95 25 70 32 51 86 98 6 77 75 26 89 40 52 76 0 
2019-04-19_06:28:23,0,Instance/CapEuclideo.100.200.5.4.tpp,1,0,102405,102405,100,100,654.809,24,3.513GB,3.672GB,1555844696,alg=0;job=1,0,1,0 83 50 4 40 43 1 17 22 86 2 59 87 13 29 74 3 21 39 96 67 77 88 90 75 18 44 9 48 24 93 62 8 55 35 37 47 89 53 71 10 99 72 49 32 79 23 16 51 64 61 85 91 95 82 11 45 84 81 26 19 68 46 57 14 92 7 63 34 41 42 70 25 36 15 28 31 56 33 6 27 65 94 54 66 38 52 5 76 12 30 69 73 58 20 98 97 60 78 80 0 
2019-04-19_06:31:24,0,Instance/CapEuclideo.100.200.5.5.tpp,1,0,95206,95206,100,100,645.898,13,3.513GB,3.672GB,1555845698,alg=0;job=1,0,1,0 49 55 2 81 39 27 86 11 47 62 68 96 15 6 60 26 57 97 45 16 44 76 83 54 82 30 25 63 35 79 51 7 74 59 5 71 8 88 61 95 69 17 53 87 10 22 48 42 14 19 50 89 36 73 9 1 40 72 80 29 43 32 46 24 3 52 34 90 33 58 91 70 12 28 64 21 20 94 65 78 4 23 99 66 38 13 56 41 98 84 18 77 92 37 75 93 85 67 31 0 
2019-04-19_06:31:27,0,Instance/CapEuclideo.100.200.7.1.tpp,1,0,40403,40403,100,100,650.816,42,3.513GB,3.672GB,1555846700,alg=0;job=1,0,1,0 52 64 70 79 31 99 40 58 98 13 66 95 15 92 90 35 17 11 94 37 36 63 76 97 96 89 27 18 72 34 3 53 68 21 9 24 60 51 62 77 46 30 47 12 39 33 65 73 1 67 38 8 75 2 41 44 48 88 28 54 87 26 57 93 80 19 74 32 16 5 25 6 84 61 43 50 83 49 23 81 45 82 29 56 22 10 7 20 71 55 14 78 59 91 86 85 4 69 42 0 
2019-04-19_06:32:59,0,Instance/CapEuclideo.100.200.7.2.tpp,1,0,38937,38937,100,100,641.078,21,3.513GB,3.672GB,1555847702,alg=0;job=1,0,1,0 28 94 26 10 42 14 2 37 84 41 25 69 11 18 64 8 86 38 83 58 73 87 89 45 43 15 46 57 91 40 21 6 88 99 75 85 61 72 27 19 56 78 52 4 62 55 17 36 39 74 33 16 82 60 20 65 95 59 92 70 29 97 44 54 47 96 50 3 35 12 76 80 66 13 68 7 22 23 1 71 24 98 63 32 49 51 9 81 30 34 67 48 5 93 79 77 90 53 31 0 
2019-04-19_06:39:18,0,Instance/CapEuclideo.100.200.7.3.tpp,1,0,37685,37685,100,100,665.336,23,3.513GB,3.672GB,1555848704,alg=0;job=1,0,1,0 3 20 19 59 24 56 67 13 43 55 31 50 28 45 60 53 41 94 72 18 4 42 37 85 97 61 33 90 5 11 96 14 12 57 93 68 69 1 39 54 65 62 80 78 21 7 83 46 84 30 16 87 99 29 49 91 66 88 38 64 9 17 92 63 27 74 34 2 73 44 15 36 82 48 58 23 47 10 22 81 79 71 35 8 95 25 70 32 51 86 98 6 77 75 26 89 40 52 76 0 
2019-04-19_06:42:18,0,Instance/CapEuclideo.100.200.7.5.tpp,1,0,36897,36897,100,100,623.482,14,3.513GB,3.672GB,1555850708,alg=0;job=1,0,1,0 49 55 2 81 39 27 86 11 47 62 68 96 15 6 60 26 57 97 45 16 44 76 83 54 82 30 25 63 35 79 51 7 74 59 5 71 8 88 61 95 69 17 53 87 10 22 48 42 14 19 50 89 36 73 9 1 40 72 80 29 43 32 46 24 3 52 34 90 33 58 91 70 12 28 64 21 20 94 65 78 4 23 99 66 38 13 56 41 98 84 18 77 92 37 75 93 85 67 31 0 
2019-04-19_06:42:10,0,Instance/CapEuclideo.100.200.7.4.tpp,1,0,39483,39483,100,100,641.194,20,3.513GB,3.672GB,1555849706,alg=0;job=1,0,1,0 83 50 4 40 43 1 17 22 86 2 59 87 13 29 74 3 21 39 96 67 77 88 90 75 18 44 9 48 24 93 62 8 55 35 37 47 89 53 71 10 99 72 49 32 79 23 16 51 64 61 85 91 95 82 11 45 84 81 26 19 68 46 57 14 92 7 63 34 41 42 70 25 36 15 28 31 56 33 6 27 65 94 54 66 38 52 5 76 12 30 69 73 58 20 98 97 60 78 80 0 
2019-04-19_06:43:40,0,Instance/CapEuclideo.100.200.8.1.tpp,1,0,20659,20659,99,99,647.857,43,3.513GB,3.672GB,1555851710,alg=0;job=1,0,1,0 52 64 70 79 31 99 40 58 98 13 66 95 15 92 90 35 17 11 94 37 36 63 76 97 96 89 27 18 72 34 3 53 68 21 9 24 60 51 62 77 46 30 47 12 39 33 65 73 1 67 38 8 75 2 41 44 48 88 28 87 26 57 93 80 19 74 32 16 5 25 6 84 61 43 50 83 49 23 81 45 82 29 56 22 10 7 20 71 55 14 78 59 91 86 85 4 69 42 0 
2019-04-19_06:50:23,0,Instance/CapEuclideo.100.200.8.2.tpp,1,0,19918,19918,100,100,638.726,26,3.513GB,3.672GB,1555852712,alg=0;job=1,0,1,0 28 94 26 10 42 14 2 37 84 41 25 69 11 18 64 8 86 38 83 58 73 87 89 45 43 15 46 57 91 40 21 6 88 99 75 85 61 72 27 19 56 78 52 4 62 55 17 36 39 74 33 16 82 60 20 65 95 59 92 70 29 97 44 54 47 96 50 3 35 12 76 80 66 13 68 7 22 23 1 71 24 98 63 32 49 51 9 81 30 34 67 48 5 93 79 77 90 53 31 0 
2019-04-19_06:52:42,0,Instance/CapEuclideo.100.200.8.3.tpp,1,0,19273,19273,98,98,627.867,24,3.513GB,3.672GB,1555853714,alg=0;job=1,0,1,0 3 20 19 59 24 56 67 13 43 55 31 50 28 45 53 41 94 72 18 4 42 37 85 97 61 33 90 5 11 96 14 12 57 93 68 69 1 39 54 65 62 80 78 21 7 83 46 84 30 16 87 99 29 49 91 66 88 38 64 9 17 92 63 27 74 34 2 73 44 15 36 82 48 58 23 47 10 22 81 79 71 35 8 95 25 70 32 51 77 75 6 98 86 89 40 52 76 0 
2019-04-19_06:52:52,0,Instance/CapEuclideo.100.200.8.4.tpp,1,0.0059805,20017,19898,91,88,714.211,31,3.513GB,3.672GB,1555854716,alg=0;job=1,0,1,0 90 88 77 67 96 39 21 3 74 29 13 87 59 2 86 22 17 1 40 50 4 97 60 78 98 20 58 73 69 30 12 76 5 52 38 66 54 94 65 27 6 33 56 31 28 15 36 25 70 42 41 34 63 7 92 14 57 46 68 26 84 45 11 82 95 91 85 61 64 51 23 79 32 49 10 71 53 89 47 37 35 55 8 62 93 24 48 9 18 44 0 
2019-04-19_06:54:28,0,Instance/CapEuclideo.100.200.8.5.tpp,1,0,19521,19521,99,99,686.111,24,3.513GB,3.672GB,1555855718,alg=0;job=1,0,1,0 31 67 85 93 75 37 92 77 18 84 98 41 56 13 38 66 23 4 78 65 94 20 21 64 28 12 70 91 58 33 90 34 52 3 24 46 32 43 29 80 72 40 1 9 73 36 89 50 19 14 42 48 22 10 87 53 17 69 95 61 88 8 71 5 59 74 7 51 79 35 63 25 30 82 54 83 76 44 16 45 97 57 26 60 6 15 96 68 62 47 11 86 27 39 81 2 55 49 0 
2019-04-19_07:01:02,0,Instance/CapEuclideo.100.200.9.1.tpp,1,0.0148642,8671,8544,79,74,706.04,1975,3.513GB,3.672GB,1555856720,alg=0;job=1,0,1,0 42 52 64 70 79 58 40 99 31 22 56 29 45 81 23 49 82 10 7 20 43 61 6 84 71 55 14 78 59 91 86 69 4 32 74 93 57 26 80 19 41 2 75 67 38 8 65 33 12 47 30 77 62 51 60 24 9 21 68 53 3 34 72 18 27 89 37 36 96 97 76 63 90 92 15 95 66 13 0 
2019-04-19_07:03:10,0,Instance/CapEuclideo.100.200.9.2.tpp,1,0.0177803,8987,8830,80,76,761.585,2956,3.513GB,3.672GB,1555857722,alg=0;job=1,0,1,0 25 41 84 69 11 18 8 86 38 83 58 73 87 89 45 37 2 14 42 15 46 43 57 91 40 21 6 75 99 85 72 62 55 4 52 78 56 90 93 79 96 47 54 33 74 16 82 65 95 44 97 92 70 35 12 76 80 22 7 13 68 23 1 71 24 98 51 49 63 32 81 30 34 48 5 67 31 94 28 0 
2019-04-19_07:04:46,0,Instance/CapEuclideo.100.200.9.3.tpp,1,0.0196596,8506,8342,79,72,710.802,757,3.513GB,3.672GB,1555858724,alg=0;job=1,0,1,0 59 24 56 67 13 43 55 31 50 28 45 53 41 94 72 18 4 42 37 85 97 61 33 5 11 96 14 12 93 68 1 39 54 78 80 83 7 21 16 30 84 92 17 9 64 38 88 66 49 91 36 82 15 44 73 2 34 74 58 23 10 22 81 79 71 35 8 95 32 51 98 86 89 40 52 20 19 3 0 
2019-04-19_07:05:54,0,Instance/CapEuclideo.100.200.9.4.tpp,1,0.023571,8685,8485,73,68,811.124,439,3.513GB,3.672GB,1555859725,alg=0;job=1,0,1,0 90 75 18 44 48 24 62 8 88 74 3 21 39 96 53 10 99 72 49 32 16 51 64 85 91 95 82 11 45 84 26 68 46 14 92 63 7 42 41 56 31 28 15 36 33 6 27 94 54 66 38 2 86 22 17 50 4 40 43 1 52 5 76 12 30 69 58 20 98 97 60 80 0 
2019-04-19_07:12:48,0,Instance/CapEuclideo.100.200.9.5.tpp,1,0.0190966,8912,8745,75,72,788.56,449,3.513GB,3.672GB,1555860727,alg=0;job=1,0,1,0 31 67 85 75 37 41 56 13 66 99 23 4 78 65 94 21 64 91 58 33 90 34 52 3 24 46 32 43 80 9 73 36 89 50 19 22 69 17 87 53 95 48 42 14 88 8 71 5 97 57 45 16 79 51 35 63 25 82 30 44 76 6 15 96 68 62 47 11 86 27 39 81 2 49 0 
2019-04-19_07:15:51,0,Instance/CapEuclideo.100.200.95.1.tpp,0,0.071836,5073,4733,52,46,678.55,16697,3.513GB,3.672GB,1555861729,alg=0;job=1,0,1,0 96 97 76 63 36 37 62 51 27 18 72 34 3 53 68 21 9 60 24 33 65 8 75 2 19 80 26 57 93 16 14 78 59 85 91 55 84 61 43 50 83 82 29 56 22 31 40 58 70 64 42 0 
2019-04-19_07:16:37,0,Instance/CapEuclideo.100.200.95.2.tpp,0,0.0725633,4996,4658,50,49,768.844,3146,3.513GB,3.672GB,1555862731,alg=0;job=1,0,1,0 28 94 31 67 34 81 49 63 68 13 7 80 76 12 35 29 97 54 47 96 77 78 52 55 4 27 88 99 75 6 21 40 91 57 46 15 42 14 2 37 45 89 87 73 18 11 69 41 25 0 
2019-04-19_07:19:25,0,Instance/CapEuclideo.100.200.95.3.tpp,1,0.0452342,4529,4333,48,45,709.908,8114,3.513GB,3.672GB,1555863733,alg=0;job=1,0,1,0 24 56 13 55 37 85 97 61 33 5 96 14 12 93 68 1 39 54 62 80 7 21 16 30 88 38 64 9 92 17 44 15 82 36 81 79 71 35 25 70 32 98 86 89 40 52 76 0 
2019-04-19_07:25:57,0,Instance/CapEuclideo.100.200.95.4.tpp,0,-0.0139325,5025,5096,48,48,684.614,5690,3.513GB,3.672GB,1555864735,alg=0;job=1,0,1,0 44 48 24 93 35 37 47 89 53 64 85 96 39 91 95 84 26 68 46 57 14 92 42 25 36 15 28 31 56 94 66 52 5 76 12 30 69 58 20 43 1 40 4 97 60 78 80 0 
2019-04-19_07:27:10,0,Instance/CapEuclideo.100.200.95.5.tpp,0,0.0289345,5263,5115,57,50,736.285,18160,3.513GB,3.672GB,1555865737,alg=0;job=1,0,1,0 31 67 85 93 75 37 65 94 21 64 91 58 33 34 24 32 43 80 72 40 1 9 22 69 17 87 53 95 48 42 14 19 50 74 7 51 35 63 25 82 54 83 76 44 6 15 96 68 62 47 11 86 27 39 2 49 0 
2019-04-19_07:29:26,0,Instance/CapEuclideo.100.200.99.1.tpp,0,-0.0753589,2319,2508,25,22,672.399,6932,3.513GB,3.672GB,1555866739,alg=0;job=1,0,1,0 52 86 91 78 59 85 72 34 53 68 21 9 24 12 62 77 37 36 96 97 76 63 15 13 0 
2019-04-19_07:31:15,0,Instance/CapEuclideo.100.200.99.2.tpp,0,-0.295071,2045,2901,23,29,683.019,522,3.513GB,3.672GB,1555867741,alg=0;job=1,0,1,0 31 53 90 77 78 52 4 27 88 99 75 40 91 57 46 15 42 14 2 37 41 25 0 
2019-04-19_07:37:22,0,Instance/CapEuclideo.100.200.99.3.tpp,0,-0.0330834,2192,2267,24,24,714.696,509,3.513GB,3.672GB,1555868743,alg=0;job=1,0,1,0 90 5 11 96 14 12 57 30 88 64 38 66 49 22 10 70 32 51 98 86 40 52 76 0 
2019-04-19_07:39:26,0,Instance/CapEuclideo.100.200.99.4.tpp,0,0.122866,3354,2987,31,26,690.713,1245,3.513GB,3.672GB,1555869745,alg=0;job=1,0,1,0 50 40 43 58 69 12 30 6 33 15 28 31 56 82 95 85 64 23 32 49 72 99 10 71 89 47 55 8 62 90 0 
2019-04-19_07:40:38,0,Instance/CapEuclideo.100.200.99.5.tpp,0,0.192551,3202,2685,26,22,735.594,293,3.513GB,3.672GB,1555870747,alg=0;job=1,0,1,0 77 54 83 76 44 79 51 7 74 50 14 42 48 95 53 87 69 22 9 40 99 37 75 85 67 0 
2019-04-19_07:42:38,0,Instance/CapEuclideo.150.50.1.1.tpp,1,0,125418,125418,150,150,742.237,81,3.513GB,3.672GB,1555871749,alg=0;job=1,0,1,0 101 140 112 97 96 117 37 36 147 94 123 145 11 17 35 134 90 142 76 63 136 92 102 137 139 15 144 95 13 66 131 98 58 40 110 99 107 128 31 119 120 22 56 29 82 122 45 81 23 49 103 83 50 7 10 20 43 61 118 84 6 25 5 16 32 74 93 57 26 87 126 115 132 106 135 54 111 130 28 124 125 88 109 80 19 48 148 44 41 2 67 38 116 127 1 73 113 39 33 65 141 8 75 133 149 53 68 21 9 114 24 60 12 47 30 46 121 77 62 51 129 138 89 27 18 105 3 34 72 104 4 69 85 59 78 14 55 71 108 91 86 143 79 146 70 64 52 42 100 0 
2019-04-19_07:49:16,0,Instance/CapEuclideo.150.50.1.2.tpp,1,0,125650,125650,150,150,718.869,32,4.084GB,4.189GB,1555872751,alg=0;job=1,0,1,0 126 28 94 26 10 123 57 104 91 40 21 6 88 124 99 75 85 61 72 146 120 130 27 135 111 19 4 78 52 55 62 143 102 132 39 36 17 121 117 33 74 16 82 119 65 60 20 95 59 92 70 105 110 139 118 29 97 101 44 54 47 96 127 109 50 144 3 35 12 76 148 80 141 22 7 142 66 13 100 68 23 103 116 71 1 24 134 98 49 63 32 140 51 9 137 136 128 122 112 149 86 108 38 133 125 83 58 73 87 89 114 131 45 43 46 15 42 14 2 37 84 115 41 25 69 11 18 8 64 129 30 81 147 34 107 67 48 5 93 106 79 77 145 56 138 90 53 31 113 0 
2019-04-19_07:50:57,0,Instance/CapEuclideo.150.50.1.3.tpp,1,0,143310,143310,150,150,726.918,668,4.084GB,4.189GB,1555873753,alg=0;job=1,0,1,0 76 3 19 149 20 40 52 102 95 25 142 8 35 71 79 81 126 121 113 22 10 47 141 122 70 32 51 98 140 86 89 26 129 148 128 6 75 77 107 139 23 105 115 48 138 133 58 144 125 73 2 136 145 74 34 27 131 104 112 44 15 82 36 91 49 29 99 119 87 16 30 118 88 9 64 38 66 117 146 17 92 63 109 84 134 46 83 7 21 80 106 137 62 65 103 127 69 68 1 39 54 93 78 130 57 12 14 96 5 11 111 90 33 61 97 85 37 42 124 31 135 114 4 18 72 116 94 41 53 28 50 45 147 143 60 123 100 132 110 59 101 24 56 67 13 55 43 120 108 0 
2019-04-19_07:52:54,0,Instance/CapEuclideo.150.50.1.4.tpp,1,0,135503,135503,146,146,732.908,305,4.084GB,4.189GB,1555874755,alg=0;job=1,0,1,0 124 9 48 24 93 141 44 18 75 147 144 90 62 111 35 37 138 47 55 146 88 120 134 77 130 67 145 53 89 117 71 140 122 107 116 10 99 72 49 32 79 137 148 16 109 23 51 64 61 127 81 26 84 45 11 82 139 95 91 85 100 96 39 21 133 74 29 103 13 87 59 2 86 22 115 112 50 113 4 121 129 17 149 1 43 20 58 128 69 30 12 76 105 5 52 143 38 66 54 94 101 34 7 63 19 68 46 57 14 92 104 135 106 70 42 114 41 25 36 15 28 31 56 65 27 6 33 119 132 108 123 126 142 73 102 118 98 97 60 78 80 131 110 83 125 0 
2019-04-19_07:55:01,0,Instance/CapEuclideo.150.50.1.5.tpp,1,0,126023,126023,148,149,709.988,26,4.084GB,4.189GB,1555875757,alg=0;job=1,0,1,0 137 31 67 143 85 93 103 75 37 117 92 149 145 77 101 121 123 18 118 138 84 98 41 56 134 23 4 78 129 65 94 20 21 64 28 12 70 91 58 33 90 132 124 34 52 140 99 66 13 38 139 147 1 40 72 46 24 146 126 32 43 109 29 80 9 73 36 112 89 50 19 135 22 141 10 115 104 87 53 17 69 95 48 42 14 61 88 8 100 110 74 7 133 111 142 59 71 5 106 148 97 45 119 57 107 26 116 60 108 113 68 62 15 96 6 127 76 102 44 128 16 131 144 79 51 35 63 25 30 82 122 83 54 130 47 11 86 27 120 39 125 105 81 2 55 114 49 0 
2019-04-19_08:03:04,0,Instance/CapEuclideo.150.50.5.2.tpp,1,0,42669,42669,149,149,676.506,42,4.084GB,4.189GB,1555877761,alg=0;job=1,0,1,0 126 28 94 26 10 123 57 104 91 40 21 6 88 124 99 75 85 61 72 146 120 130 27 135 111 19 4 78 52 55 62 143 102 132 39 36 17 121 117 33 74 16 82 60 20 65 119 95 59 92 70 105 110 139 118 29 97 101 44 54 47 96 127 109 50 144 3 35 12 76 148 80 141 22 7 142 66 13 100 68 23 103 116 71 1 24 134 98 49 63 32 140 51 9 137 136 128 122 112 149 86 108 38 133 125 83 58 73 87 89 114 131 45 43 46 15 42 14 2 37 84 115 41 25 69 11 18 8 64 129 30 81 147 34 107 67 5 93 106 79 77 145 56 138 90 53 31 113 0 
2019-04-19_08:01:15,0,Instance/CapEuclideo.150.50.5.1.tpp,1,0,43115,43115,145,145,828.642,38,4.084GB,4.189GB,1555876759,alg=0;job=1,0,1,0 101 140 112 97 96 117 37 36 147 94 123 145 11 17 35 134 90 142 76 63 136 92 102 137 139 15 144 95 13 66 131 98 58 40 110 99 107 128 31 119 120 22 56 29 82 122 45 81 23 49 103 83 50 7 10 20 43 61 118 84 6 25 5 16 32 74 93 57 26 87 126 115 132 106 135 54 111 130 28 124 125 88 109 48 148 44 41 2 67 38 116 127 1 73 113 39 33 65 141 8 75 133 149 53 68 21 9 114 24 60 12 47 30 121 77 62 51 129 138 89 27 18 105 34 72 4 69 85 59 78 14 55 71 108 91 86 143 79 146 70 64 52 42 100 0 
2019-04-19_08:06:51,0,Instance/CapEuclideo.150.50.5.4.tpp,1,0,45556,45556,150,150,681.323,224,4.084GB,4.189GB,1555879765,alg=0;job=1,0,1,0 124 44 18 75 141 9 48 24 93 111 62 90 147 144 125 83 110 131 112 50 113 4 121 40 43 1 149 17 129 115 22 86 2 59 87 13 103 29 74 3 133 21 39 96 145 67 130 77 134 120 88 8 146 55 37 35 138 47 89 53 117 71 140 122 107 116 10 99 72 49 32 79 137 148 16 109 23 51 64 61 100 85 91 95 139 127 81 26 84 45 11 82 34 136 7 63 19 68 46 57 14 92 104 135 106 70 25 42 114 41 101 94 54 66 38 143 52 5 76 105 6 27 65 56 31 28 15 36 33 119 132 12 30 108 123 126 142 102 118 73 69 128 58 20 98 97 60 78 80 0 
2019-04-19_08:05:07,0,Instance/CapEuclideo.150.50.5.3.tpp,1,0,47455,47455,149,149,791.916,679,4.084GB,4.189GB,1555878763,alg=0;job=1,0,1,0 76 3 19 149 20 40 52 102 95 25 142 8 35 71 79 81 126 121 113 22 10 47 141 122 70 32 51 98 140 86 89 26 129 148 128 6 75 77 107 139 23 105 115 48 138 133 58 144 125 73 2 136 145 74 34 27 131 104 112 44 15 82 36 91 49 29 99 119 87 16 30 118 88 9 64 38 66 117 146 17 92 63 109 84 134 46 83 7 21 80 106 137 62 65 103 127 69 68 1 39 54 93 78 130 57 12 14 96 5 11 111 90 33 61 97 85 37 42 124 31 135 114 4 18 72 116 94 41 53 28 50 45 147 143 60 100 132 110 59 101 24 56 67 13 55 43 120 108 0 
2019-04-19_08:14:20,0,Instance/CapEuclideo.150.50.5.5.tpp,1,0,41937,41937,150,150,651.917,38,4.084GB,4.189GB,1555880767,alg=0;job=1,0,1,0 49 114 55 2 81 105 125 39 120 27 86 11 47 130 54 83 122 82 30 25 63 35 51 79 144 131 16 128 44 102 76 127 6 96 15 62 68 113 108 60 116 136 26 107 57 119 45 97 148 106 5 71 59 142 111 133 7 74 110 100 8 88 61 14 42 48 95 69 17 53 87 104 115 10 141 22 135 19 50 89 112 36 73 9 80 29 109 43 32 126 146 24 46 72 40 1 147 139 38 13 66 99 140 3 52 34 124 132 90 33 58 91 70 12 28 64 21 20 94 65 129 78 4 23 134 56 41 98 84 138 118 18 123 121 101 77 145 149 92 117 37 75 103 93 85 143 67 31 137 0 
2019-04-19_08:18:12,0,Instance/CapEuclideo.150.50.7.2.tpp,1,0.00479079,19715,19621,135,133,1042.53,971,4.084GB,4.189GB,1555882771,alg=0;job=1,0,1,0 113 31 67 5 48 107 34 147 81 137 9 51 140 32 63 98 134 24 1 71 116 103 23 68 100 13 142 7 22 141 80 148 76 12 35 139 110 105 70 118 59 95 119 65 20 60 82 16 74 33 44 101 54 47 96 127 3 144 50 109 106 93 79 77 145 138 90 53 94 26 135 111 4 52 55 121 17 62 143 36 39 132 102 72 146 120 130 27 124 88 99 75 6 21 40 91 104 57 123 10 15 46 43 42 14 2 37 45 131 114 89 87 73 83 125 133 38 108 86 149 112 122 128 64 8 18 11 69 84 115 41 25 126 28 0 
2019-04-19_08:18:19,0,Instance/CapEuclideo.150.50.7.3.tpp,1,0.00111267,20694,20671,131,132,1070.04,29,4.084GB,4.189GB,1555883772,alg=0;job=1,0,1,0 76 3 149 20 40 52 102 95 25 142 8 35 71 81 126 22 10 47 141 122 70 32 51 98 140 86 89 26 129 148 128 6 75 77 107 139 23 105 115 48 138 133 58 144 125 73 2 136 145 74 34 104 112 44 15 82 36 91 49 29 119 87 16 30 118 88 9 64 38 66 117 146 17 92 63 109 84 134 46 21 80 106 137 62 65 54 39 1 69 68 93 78 130 57 12 14 96 5 90 33 97 85 43 55 31 135 124 42 114 4 18 72 116 94 28 50 45 147 143 60 123 100 132 110 59 101 24 56 120 108 0 
2019-04-19_08:15:04,0,Instance/CapEuclideo.150.50.7.1.tpp,1,0.00227004,20310,20264,133,133,1392.77,95,4.084GB,4.189GB,1555881769,alg=0;job=1,0,1,0 101 140 112 97 96 117 37 36 147 145 94 123 134 35 90 142 76 63 136 92 102 137 139 15 144 95 66 131 98 58 40 110 99 31 119 120 22 56 29 122 45 81 23 49 103 83 50 7 10 20 43 61 118 6 25 84 71 108 55 14 16 32 74 93 57 26 87 126 115 132 111 130 28 124 125 88 109 48 148 44 41 2 133 75 8 38 67 116 1 141 113 39 65 33 114 24 9 21 149 68 53 60 12 47 30 121 77 62 51 129 138 89 27 18 105 34 72 104 69 85 59 78 91 86 143 79 146 70 64 52 42 100 0 
2019-04-19_08:25:12,0,Instance/CapEuclideo.150.50.7.4.tpp,1,0.00102579,20493,20472,128,126,1740.02,174,4.084GB,4.189GB,1555884774,alg=0;job=1,0,1,0 80 78 60 97 98 113 4 121 40 43 1 128 58 20 118 102 73 126 123 108 30 12 132 119 33 6 105 76 5 52 143 38 66 54 94 65 56 31 28 15 36 25 70 42 114 41 34 136 63 7 104 135 92 14 57 46 68 26 84 45 11 82 139 95 91 85 100 61 64 51 23 109 16 148 137 79 32 49 72 10 116 122 140 71 117 89 138 37 55 146 8 62 93 24 48 141 44 18 75 147 144 90 88 120 134 77 130 145 96 39 21 133 3 74 29 87 59 2 86 22 129 50 112 131 110 83 125 0 
2019-04-19_08:35:35,0,Instance/CapEuclideo.150.50.7.5.tpp,1,0.0018922,19591,19554,141,140,1295.75,109,4.084GB,4.189GB,1555885776,alg=0;job=1,0,1,0 49 114 55 2 81 105 39 120 27 86 11 130 47 62 15 96 68 113 108 60 116 136 45 97 57 119 148 106 5 71 59 142 144 131 16 44 102 76 127 83 54 122 82 30 25 63 35 79 51 111 133 7 74 110 100 8 88 61 14 42 48 95 69 17 53 87 104 115 10 141 22 135 19 50 89 112 36 73 9 1 40 72 80 29 109 43 32 46 126 146 24 3 52 34 124 132 90 12 70 33 58 91 64 21 94 65 129 78 140 99 147 139 38 13 66 134 56 41 98 84 138 118 18 123 121 101 77 145 149 92 117 37 75 103 93 85 143 67 31 137 0 
2019-04-19_08:38:17,0,Instance/CapEuclideo.150.50.8.2.tpp,0,0.0259795,12124,11817,110,103,1381.9,653,4.084GB,4.189GB,1555887780,alg=0;job=1,0,1,0 28 126 25 41 115 84 69 11 18 8 149 128 122 112 38 133 125 83 73 87 89 45 37 2 14 42 15 46 10 123 57 104 91 40 6 85 75 99 88 124 130 120 146 72 102 132 39 36 143 62 55 4 52 78 56 138 145 77 79 93 106 144 50 127 96 47 54 33 74 16 82 119 65 95 59 92 70 105 110 139 35 12 76 148 80 141 22 7 13 100 68 1 24 134 98 63 49 140 51 9 137 81 147 34 107 48 5 67 113 0 
2019-04-19_08:36:09,0,Instance/CapEuclideo.150.50.8.1.tpp,0,0.0284383,12802,12448,115,102,1547.26,250,4.084GB,4.189GB,1555886778,alg=0;job=1,0,1,0 13 66 98 131 95 144 15 139 140 112 137 102 92 136 63 76 142 90 134 35 17 11 123 94 147 37 36 97 96 117 89 138 27 18 72 34 105 129 51 62 121 30 47 12 60 53 149 21 9 24 114 33 65 141 1 127 116 38 75 2 41 19 109 88 124 28 130 54 135 132 115 126 26 57 93 5 16 14 78 91 86 108 71 84 25 6 118 61 43 20 10 7 83 103 49 23 81 45 122 82 29 56 22 120 31 99 110 40 58 146 70 64 52 100 0 
2019-04-19_09:01:56,0,Instance/CapEuclideo.150.50.9.1.tpp,0,0.0378731,5563,5360,59,57,775.891,90,4.084GB,4.189GB,1555891788,alg=0;job=1,0,1,0 100 42 52 64 70 146 79 40 110 31 120 22 56 29 45 122 82 10 20 43 61 118 71 108 78 14 16 5 57 26 93 74 68 21 9 60 129 62 77 121 138 89 117 37 36 96 97 76 63 142 90 92 102 136 137 112 140 101 0 
2019-04-19_08:57:10,0,Instance/CapEuclideo.150.50.8.4.tpp,1,0.0231342,12914,12622,124,112,1192.35,516,4.084GB,4.189GB,1555889784,alg=0;job=1,0,1,0 125 83 110 131 112 50 113 4 121 129 115 22 17 149 1 43 40 128 58 20 98 97 60 78 118 102 73 126 123 108 30 12 132 119 33 6 105 76 5 52 143 66 54 94 65 56 31 28 15 36 25 42 114 104 135 92 14 7 63 136 19 68 26 84 45 11 82 13 87 59 2 86 74 3 29 133 21 39 96 91 95 85 100 64 23 109 16 148 137 79 32 49 72 99 10 116 122 140 71 117 53 145 130 77 134 120 88 8 146 55 37 35 111 62 93 24 48 141 44 18 75 90 144 0 
2019-04-19_08:54:12,0,Instance/CapEuclideo.150.50.8.3.tpp,1,0.0142766,12717,12538,122,114,1727,561,4.084GB,4.189GB,1555888782,alg=0;job=1,0,1,0 108 120 8 35 71 142 95 102 52 40 89 86 98 140 148 6 128 51 32 70 122 141 47 10 22 113 121 126 81 79 99 29 49 91 36 82 48 138 105 23 58 144 125 73 2 136 145 74 34 44 15 112 104 131 27 63 109 92 17 146 117 66 88 38 64 9 84 30 16 87 130 78 80 62 137 106 54 39 1 68 93 57 12 14 96 11 111 90 33 61 97 85 37 42 124 135 4 18 72 116 94 41 53 45 28 50 55 43 13 67 56 24 101 59 110 132 19 20 149 3 76 0 
2019-04-19_09:01:19,0,Instance/CapEuclideo.150.50.8.5.tpp,1,0.0141747,11877,11711,115,113,1454.67,324,4.084GB,4.189GB,1555890786,alg=0;job=1,0,1,0 31 67 143 85 93 103 75 37 117 92 149 145 101 121 123 18 138 84 41 56 134 4 78 129 65 94 91 58 33 90 132 124 34 52 3 24 146 126 32 43 109 29 80 72 40 1 147 139 112 36 135 22 141 10 115 104 87 53 17 95 48 42 14 19 50 110 74 7 133 111 142 59 5 106 148 119 57 97 45 136 116 60 108 113 68 62 15 96 6 127 76 102 44 16 131 144 79 51 35 63 25 30 82 122 83 54 86 27 39 125 105 81 114 49 0 
2019-04-19_09:14:52,0,Instance/CapEuclideo.150.50.9.2.tpp,1,0.0775444,6003,5571,69,62,794.374,2066,4.084GB,4.189GB,1555892790,alg=0;job=1,0,1,0 84 37 2 14 42 15 46 57 104 91 40 21 6 88 124 130 120 146 72 143 62 4 52 78 145 138 90 93 106 109 96 47 54 44 101 97 118 110 12 76 148 80 7 13 100 68 1 24 134 49 140 9 136 128 122 112 86 38 133 125 73 89 114 131 69 41 25 126 0 
2019-04-19_09:17:03,0,Instance/CapEuclideo.150.50.9.3.tpp,1,0.0967689,6687,6097,78,68,988.277,2770,4.084GB,4.189GB,1555893792,alg=0;job=1,0,1,0 108 8 35 142 25 95 102 52 40 26 129 140 86 51 32 70 122 141 47 105 48 138 133 58 144 136 2 73 44 15 91 146 117 66 88 38 64 9 17 92 109 84 134 30 16 80 137 106 54 39 1 127 69 97 85 37 42 124 135 31 50 28 72 116 94 53 147 143 123 101 56 24 110 132 19 3 76 0 
